evidence_relative_path,bytes,sha256,redistribution
04_access/DATA_INPUT_INDEX.csv,95848,193c6f91b3005e8cb23175732ab4c74442fb42ba998bdaf3bf131a442e1764de,external_author_access_required
02_evidence/original21/PACKAGE_FILES_SHA256.csv,2985835,49d2690de83ef418849f2ab6798f658ec75f25a7b25be8a078043123213ecf6d,external_author_access_required
02_evidence/original21/payload/project/mechanism_final_analysis/branch_multiseed.csv,3443,c54121c5ca65538738f15de8ca93f24e5fee47323eeee705a093bbeef46a7c87,external_author_access_required
02_evidence/original21/payload/project/mechanism_final_analysis/branch_paired_intervals.csv,6165,2b014ca948e9fbf7bb13482174123a701d27aeaf12a0e01c7b757718979d9637,external_author_access_required
02_evidence/original21/payload/project/mechanism_final_analysis/branch_per_observation.csv,803859,df98e80e7df380813d8aedaafc5c84b808f874f4b8ac380bd5e6c503a4392247,external_author_access_required
02_evidence/original21/payload/project/mechanism_final_analysis/branch_per_seed.csv,6579,937df52f312bcd476c29f6347e79a81b174ddbbfb80180b6f210ac6d0b406a81,external_author_access_required
02_evidence/original21/payload/project/mechanism_final_analysis/branch_sensitivity.csv,38873,133ea6436ed72c96a9167f498f51643daaa5c43ae35603d07d8fde647aae67e5,external_author_access_required
02_evidence/original21/payload/project/mechanism_final_analysis/FINAL_QA.json,665,5aca3d97a4fbe3722781a10583383be46118194a021331f77de623bf94399eaa,external_author_access_required
02_evidence/original21/payload/project/mechanism_final_analysis/locked_test_protocol.json,10749,7300d6c976abf49baf5c4e058e7b97a80e2753c0f955c72fdfcf9280b954916c,external_author_access_required
02_evidence/original21/payload/project/mechanism_final_analysis/paired_effects.alignment.json,2109,99fe11feaffab622e11a8453f615a5d4e74f519031dc69cdec5fb2f3de0acad2,external_author_access_required
02_evidence/original21/payload/project/mechanism_final_analysis/paired_effects.collision.json,548,b35e51e5e33a8790d95d6c81ab840bd98eef71c04090c7f679f8b29644f78408,external_author_access_required
02_evidence/original21/payload/project/mechanism_final_analysis/paired_effects_source.csv,1795,dde6821646f140dfe1519e6e76cb03c1d496cb789e98b18343de6396f2c8007a,external_author_access_required
02_evidence/original21/payload/project/mechanism_final_analysis/region_multiseed.csv,13465,175186e9eb9e4b81c8c2cddb1eaa9f8a4b9a28e9939b16820b600f04b611ec88,external_author_access_required
02_evidence/original21/payload/project/mechanism_final_analysis/region_paired_intervals.csv,29825,a123c09e6779be1e7e89a4672aeb24bee7dafb2d9cc1af9763f14cf666009836,external_author_access_required
02_evidence/original21/payload/project/mechanism_final_analysis/region_per_observation.csv,2468358,f4aa3497568292a2f8f2cffe7df0fbef8aee4b25a101675889ef4b1d275a5d9c,external_author_access_required
02_evidence/original21/payload/project/mechanism_final_analysis/region_per_seed.csv,20794,1c5641a9a8860fb8d8d0cfda2259b16cf115536792fa97c7dd5778711a348feb,external_author_access_required
02_evidence/original21/payload/project/mechanism_final_analysis/region_sensitivity.csv,226036,7d52d1304bbd0c0f860c1cccd3388a10f0294596a5994ffcbd3b7a1c0858b142,external_author_access_required
02_evidence/original21/payload/project/mechanism_final_analysis/TRAINING_COMPLETE_ALL_SEEDS.json,6243,bab0926d368ca16a8043aecdddfb0bc0bc53c938972c10d353ae03250bf5fc8d,external_author_access_required
02_evidence/original21/payload/project/mechanism_final_analysis/validation_operating_points.csv,5403,7a098de61f2baf14fbd004fd93311f1884e7b56aaa2547c9cdc67d35b0d2afda,external_author_access_required
02_evidence/original21/payload/project/mechanism_training/manual_spine_qc_exclusions.csv,773,9cdcb0d6f5dcf6e2f858587e6fe51c75926507226d95f2002d236f150fcb51e5,external_author_access_required
02_evidence/original21/payload/project/mechanism_training/temporal_manifest.csv,122068,eb7603b38ef22ffc87b81dfb88afba3833dfb0930290f9d600d70c5be8439129,external_author_access_required
02_evidence/original21/payload/project/morphology_application_results_20261002/ACTUAL_NATIVE_RESOURCE_GATE.json,39022,52dbf94d81369f1b337d6849efae609ac53a1d54f660ee081f19e72c97bd6fcc,external_author_access_required
02_evidence/original21/payload/project/morphology_application_results_20261002/comparison_sensitivity.csv,256534,f7d47eddc1f7c6d200cd3aaf926e022df7607d863ae06b38f11c3944e6505fe1,external_author_access_required
02_evidence/original21/payload/project/morphology_application_results_20261002/comparison_three_seed_summary.csv,2097,89e4f4595af496153d5df9061b470645c9695acb2e7099f0576c65e01d1fb577,external_author_access_required
02_evidence/original21/payload/project/morphology_application_results_20261002/COMPLETE.json,5144,aab9ec8dae259d6c8a1687d7cc81b44f99ecfe9650d2185ef745978b96cdef06,external_author_access_required
02_evidence/original21/payload/project/morphology_application_results_20261002/INPUT_SHA256.json,881692,b59014e50fd37fe880f6e052b646c7037982cfabb1be59b937c296d275a3bba8,external_author_access_required
02_evidence/original21/payload/project/morphology_application_results_20261002/leave_one_group_out.csv,64287,c02e8cb75500fceed691833d118570e4e25edb1acc17755b93864781069dfe74,external_author_access_required
02_evidence/original21/payload/project/morphology_application_results_20261002/MASK_ACCEPTANCE.json,895880,7642924d12bee0da7f9d2a6ee55258ff238499c22abb3649ed70c7bed5e56fee,external_author_access_required
02_evidence/original21/payload/project/morphology_application_results_20261002/OUTPUT_SHA256.json,1206451,cfe9a1bd6fef53f0441d2d91b2eb139eb301ffb27f0293e34f1166213026d8fe,external_author_access_required
02_evidence/original21/payload/project/morphology_application_results_20261002/paired_bootstrap.csv,20970,c9b46bb9300a085fe57a3b0bbf01fcb6e182fcb14a3b6e65b565ca7f660d5965,external_author_access_required
02_evidence/original21/payload/project/morphology_application_results_20261002/per_copy.csv,1344362,26fac8b1a758a409559e2ccd1e2b011dd4827a3b676946ad417fc50d545707ad,external_author_access_required
02_evidence/original21/payload/project/morphology_application_results_20261002/per_observation.csv,758931,5b5e86253915120cab5c53179375a1748c110fb0b7efd050a5f880a3c6be6e11,external_author_access_required
02_evidence/original21/payload/project/morphology_application_results_20261002/per_reference.csv,12187844,6a7136f5c0eb9b8e88f8d7116fc529030b18354817c8d77a4806257441b4ff02,external_author_access_required
02_evidence/original21/payload/project/morphology_application_results_20261002/per_seed.csv,7692,823418a195d24a6585fa219a68a35f3de25c54b4f00dfaa4324832b5100e335d,external_author_access_required
02_evidence/original21/payload/project/morphology_application_results_20261002/per_year.csv,42338,2d90af484924fc0c1ffba0c464b19637d01abdf6d284a84b73cccd4699e3f06f,external_author_access_required
02_evidence/original21/payload/project/morphology_application_results_20261002/PLANNED_MODE_MATRIX.json,10174,0b19c3f8ce706f4628fe62ee34f511f1e7f5d23f5ec71885221fa484bcd575d3,external_author_access_required
02_evidence/original21/payload/project/morphology_application_results_20261002/signature.json,4554,163c44f6fe7c63ee719e8e76a4961a5908bed15370ef1182a54d770f1c2a8f86,external_author_access_required
02_evidence/original21/payload/project/morphology_application_results_20261002/STATUS.json,293,23004edcd050e037a333bf389dd2e8a710955d5cc454d41f9c89e693582c9372,external_author_access_required
02_evidence/original21/payload/project/morphology_application_results_20261002/three_seed_summary.csv,4528,d2dc0ae36356e268cd18d04b1fcd58d7eef5a755524943b494dd4486b9c5167c,external_author_access_required
02_evidence/original21/payload/project/strong_baseline_final_analysis_20261001/ACCEPTANCE.json,5237,cbcace580782a3f336006319a6303ecf85576517e076bb8881e6f8e4adbc43e6,external_author_access_required
02_evidence/original21/payload/project/strong_baseline_final_analysis_20261001/accepted_runs.csv,483,120e407cd5ae154937fba9ca4bededced18b89db288f5be16330b7b2eacf5160,external_author_access_required
02_evidence/original21/payload/project/strong_baseline_final_analysis_20261001/FINAL_QA.json,799,86cba24e052e8c6037b0888c1a8c8d0d9541c44338e620dcd144c1be59618e19,external_author_access_required
02_evidence/original21/payload/project/strong_baseline_final_analysis_20261001/INPUT_SHA256.csv,425663,9c2a912197f17bd2089b6ae6bd55f4a17b2c6bd636491834f422da38031fcd2d,external_author_access_required
02_evidence/original21/payload/project/strong_baseline_final_analysis_20261001/legacy_bootstrap_parity.csv,1450,6de5c5b7ee8524ea36cb088ea59f6f3a0cdae60a775120b65abc636c49ae24bb,external_author_access_required
02_evidence/original21/payload/project/strong_baseline_final_analysis_20261001/new_paired_effects.csv,31161,8043a00425e30143991b3f7737688685558167b51d187169da444a774bcac955,external_author_access_required
02_evidence/original21/payload/project/strong_baseline_final_analysis_20261001/new_paired_intervals.csv,95425,210a0d0457c839d929711c17caa0e80188f56819785de04e47d6341feaa42df4,external_author_access_required
02_evidence/original21/payload/project/strong_baseline_final_analysis_20261001/new_paired_multiseed.csv,10748,94fe6cb5f5ca9116fe72fca33fbba2209667da060c6b6af1a0940262e2167d1c,external_author_access_required
02_evidence/original21/payload/project/strong_baseline_final_analysis_20261001/new_per_observation_observed.csv,770849,66968e3ac32789b67ee35301a0534348417e2643e59eda7a74b3983c2b2e35e8,external_author_access_required
02_evidence/original21/payload/project/strong_baseline_final_analysis_20261001/new_sensitivity.csv,834502,ce090780c3087025417b9f166edce2178f88dbd3e4fdf6b8c0c4d2c3c63a7723,external_author_access_required
02_evidence/original21/payload/project/strong_baseline_final_analysis_20261001/OUTPUT_SHA256.csv,7615,b2b48a24e3ea12cdc76cd9e9d8b006fb3b78472d5f983b0ea6a67eace9438886,external_author_access_required
02_evidence/original21/payload/project/strong_baseline_final_analysis_20261001/region_multiseed.csv,18756,5889ce25f8723982968ede03c1d3d7c92fbf6a62bbb132e2c8ea388b7ebc8fb9,external_author_access_required
02_evidence/original21/payload/project/strong_baseline_final_analysis_20261001/region_per_observation.csv,3736698,f25d66958880366a3bd8228a7534dcbaffa83feba79f2d28b3ea43f637fa53fa,external_author_access_required
02_evidence/original21/payload/project/strong_baseline_final_analysis_20261001/region_per_seed.csv,30737,5a48b5e4041d2263f76b5a28475299e0e711e3e57c63acd1f5a0d360ee495b57,external_author_access_required
02_evidence/original21/payload/project/strong_baseline_final_analysis_20261001/SHA256_MANIFESTS.json,391,be0a3f6414d5dd39541eeee410162b396fe23e6d6591552e9ee4713354a4b48d,external_author_access_required
02_evidence/original21/payload/project/strong_baseline_final_analysis_20261001/smoke_parity.csv,271,fe4a8115d137bdce7df0e4d42794687aa19636ee0b864ccc0c4314081f57555c,external_author_access_required
02_evidence/original21/payload/project/strong_baseline_final_analysis_20261001/STATISTICS_QA.json,915,dd43d8e3d046f65bef3d16af4e7fa4a2f030761ae42ecb41807746842eebc112,external_author_access_required
02_evidence/original21/payload/project/strong_baseline_final_analysis_20261001/test_observations.csv,3018,9ab12ddc04a2dba4e0297c830be63d78f13b8646ff5e6bcd1691c1c75c832591,external_author_access_required
02_evidence/original21/payload/project/manuscript_revision_20261001/morphology_application/ENGINEERING_SELF_TEST.json,459,a75e92acb6bf67905e5ae38b274f72654d32bd9578ecf6b8ade3279b6eeb9088,external_author_access_required
02_evidence/original21/payload/project/manuscript_revision_20261001/morphology_application/LOCKED_APPLICATION.json,10559,0ec9efa17e2743a7636e553e2d12745b065a4f4204d1e411db449c5175ee48a1,external_author_access_required
02_evidence/original21/payload/project/manuscript_revision_20261001/morphology_application/REFERENCE_AUDIT.json,252,828c0f53336d83e3cac9dc57fe445761c67da9ea29f39a8d4d3c9e24abfb0933,external_author_access_required
02_evidence/original21/payload/project/manuscript_revision_20261001/morphology_application/REFERENCE_AXES.json,1693292,42f0bcfb579080b93dc397fe6178976959a3ad824997c8aed4cdf5c7af3ae96f,external_author_access_required
02_evidence/original21/payload/project/manuscript_revision_20261001/morphology_application/reference_manifest.csv,151444,d145dcdf73a6986e7f91fcc0868fb3f85e96f7f03ec9a613b938b432ac25e051,external_author_access_required
02_evidence/original21/payload/project/manuscript_revision_20261002/morphology_application/ENGINEERING_SELF_TEST.json,459,a75e92acb6bf67905e5ae38b274f72654d32bd9578ecf6b8ade3279b6eeb9088,external_author_access_required
02_evidence/original21/payload/project/manuscript_revision_20261002/morphology_application/LOCKED_APPLICATION.json,10559,0ec9efa17e2743a7636e553e2d12745b065a4f4204d1e411db449c5175ee48a1,external_author_access_required
02_evidence/original21/payload/project/manuscript_revision_20261002/morphology_application/REFERENCE_AUDIT.json,252,828c0f53336d83e3cac9dc57fe445761c67da9ea29f39a8d4d3c9e24abfb0933,external_author_access_required
02_evidence/original21/payload/project/manuscript_revision_20261002/morphology_application/REFERENCE_AXES.json,1693292,42f0bcfb579080b93dc397fe6178976959a3ad824997c8aed4cdf5c7af3ae96f,external_author_access_required
02_evidence/original21/payload/project/manuscript_revision_20261002/morphology_application/reference_manifest.csv,151444,d145dcdf73a6986e7f91fcc0868fb3f85e96f7f03ec9a613b938b432ac25e051,external_author_access_required
02_evidence/original21/payload/project/manuscript_revision_20261002/supplement_tables/accepted_runs.csv,483,120e407cd5ae154937fba9ca4bededced18b89db288f5be16330b7b2eacf5160,external_author_access_required
02_evidence/original21/payload/project/manuscript_revision_20261002/supplement_tables/application_comparison_sensitivity.csv,256534,f7d47eddc1f7c6d200cd3aaf926e022df7607d863ae06b38f11c3944e6505fe1,external_author_access_required
02_evidence/original21/payload/project/manuscript_revision_20261002/supplement_tables/application_comparison_three_seed_summary.csv,2097,89e4f4595af496153d5df9061b470645c9695acb2e7099f0576c65e01d1fb577,external_author_access_required
02_evidence/original21/payload/project/manuscript_revision_20261002/supplement_tables/application_leave_one_group_out.csv,64287,c02e8cb75500fceed691833d118570e4e25edb1acc17755b93864781069dfe74,external_author_access_required
02_evidence/original21/payload/project/manuscript_revision_20261002/supplement_tables/application_paired_bootstrap.csv,20970,c9b46bb9300a085fe57a3b0bbf01fcb6e182fcb14a3b6e65b565ca7f660d5965,external_author_access_required
02_evidence/original21/payload/project/manuscript_revision_20261002/supplement_tables/application_per_copy.csv,1344362,26fac8b1a758a409559e2ccd1e2b011dd4827a3b676946ad417fc50d545707ad,external_author_access_required
02_evidence/original21/payload/project/manuscript_revision_20261002/supplement_tables/application_per_observation.csv,758931,5b5e86253915120cab5c53179375a1748c110fb0b7efd050a5f880a3c6be6e11,external_author_access_required
02_evidence/original21/payload/project/manuscript_revision_20261002/supplement_tables/application_per_reference.csv,12187844,6a7136f5c0eb9b8e88f8d7116fc529030b18354817c8d77a4806257441b4ff02,external_author_access_required
02_evidence/original21/payload/project/manuscript_revision_20261002/supplement_tables/application_per_seed.csv,7692,823418a195d24a6585fa219a68a35f3de25c54b4f00dfaa4324832b5100e335d,external_author_access_required
02_evidence/original21/payload/project/manuscript_revision_20261002/supplement_tables/application_per_year.csv,42338,2d90af484924fc0c1ffba0c464b19637d01abdf6d284a84b73cccd4699e3f06f,external_author_access_required
02_evidence/original21/payload/project/manuscript_revision_20261002/supplement_tables/application_three_seed_summary.csv,4528,d2dc0ae36356e268cd18d04b1fcd58d7eef5a755524943b494dd4486b9c5167c,external_author_access_required
02_evidence/original21/payload/project/manuscript_revision_20261002/supplement_tables/legacy_branch_multiseed.csv,3443,c54121c5ca65538738f15de8ca93f24e5fee47323eeee705a093bbeef46a7c87,external_author_access_required
02_evidence/original21/payload/project/manuscript_revision_20261002/supplement_tables/legacy_branch_paired_intervals.csv,6165,2b014ca948e9fbf7bb13482174123a701d27aeaf12a0e01c7b757718979d9637,external_author_access_required
02_evidence/original21/payload/project/manuscript_revision_20261002/supplement_tables/legacy_branch_per_observation.csv,803859,df98e80e7df380813d8aedaafc5c84b808f874f4b8ac380bd5e6c503a4392247,external_author_access_required
02_evidence/original21/payload/project/manuscript_revision_20261002/supplement_tables/legacy_branch_per_seed.csv,6579,937df52f312bcd476c29f6347e79a81b174ddbbfb80180b6f210ac6d0b406a81,external_author_access_required
02_evidence/original21/payload/project/manuscript_revision_20261002/supplement_tables/legacy_branch_sensitivity.csv,38873,133ea6436ed72c96a9167f498f51643daaa5c43ae35603d07d8fde647aae67e5,external_author_access_required
02_evidence/original21/payload/project/manuscript_revision_20261002/supplement_tables/legacy_paired_effects_source.csv,1795,dde6821646f140dfe1519e6e76cb03c1d496cb789e98b18343de6396f2c8007a,external_author_access_required
02_evidence/original21/payload/project/manuscript_revision_20261002/supplement_tables/legacy_region_multiseed.csv,13465,175186e9eb9e4b81c8c2cddb1eaa9f8a4b9a28e9939b16820b600f04b611ec88,external_author_access_required
02_evidence/original21/payload/project/manuscript_revision_20261002/supplement_tables/legacy_region_paired_intervals.csv,29825,a123c09e6779be1e7e89a4672aeb24bee7dafb2d9cc1af9763f14cf666009836,external_author_access_required
02_evidence/original21/payload/project/manuscript_revision_20261002/supplement_tables/legacy_region_per_observation.csv,2468358,f4aa3497568292a2f8f2cffe7df0fbef8aee4b25a101675889ef4b1d275a5d9c,external_author_access_required
02_evidence/original21/payload/project/manuscript_revision_20261002/supplement_tables/legacy_region_per_seed.csv,20794,1c5641a9a8860fb8d8d0cfda2259b16cf115536792fa97c7dd5778711a348feb,external_author_access_required
02_evidence/original21/payload/project/manuscript_revision_20261002/supplement_tables/legacy_region_sensitivity.csv,226036,7d52d1304bbd0c0f860c1cccd3388a10f0294596a5994ffcbd3b7a1c0858b142,external_author_access_required
02_evidence/original21/payload/project/manuscript_revision_20261002/supplement_tables/legacy_validation_operating_points.csv,5403,7a098de61f2baf14fbd004fd93311f1884e7b56aaa2547c9cdc67d35b0d2afda,external_author_access_required
02_evidence/original21/payload/project/manuscript_revision_20261002/supplement_tables/new_paired_effects.csv,31161,8043a00425e30143991b3f7737688685558167b51d187169da444a774bcac955,external_author_access_required
02_evidence/original21/payload/project/manuscript_revision_20261002/supplement_tables/new_paired_intervals.csv,95425,210a0d0457c839d929711c17caa0e80188f56819785de04e47d6341feaa42df4,external_author_access_required
02_evidence/original21/payload/project/manuscript_revision_20261002/supplement_tables/new_paired_multiseed.csv,10748,94fe6cb5f5ca9116fe72fca33fbba2209667da060c6b6af1a0940262e2167d1c,external_author_access_required
02_evidence/original21/payload/project/manuscript_revision_20261002/supplement_tables/new_sensitivity.csv,834502,ce090780c3087025417b9f166edce2178f88dbd3e4fdf6b8c0c4d2c3c63a7723,external_author_access_required
02_evidence/original21/payload/project/manuscript_revision_20261002/supplement_tables/region_multiseed.csv,18756,5889ce25f8723982968ede03c1d3d7c92fbf6a62bbb132e2c8ea388b7ebc8fb9,external_author_access_required
02_evidence/original21/payload/project/manuscript_revision_20261002/supplement_tables/region_per_observation.csv,3736698,f25d66958880366a3bd8228a7534dcbaffa83feba79f2d28b3ea43f637fa53fa,external_author_access_required
02_evidence/original21/payload/project/manuscript_revision_20261002/supplement_tables/region_per_seed.csv,30737,5a48b5e4041d2263f76b5a28475299e0e711e3e57c63acd1f5a0d360ee495b57,external_author_access_required
02_evidence/original21/payload/project/manuscript_revision_20261002/supplement_tables/S3_all_21_runs.csv,2780,14c51c65e4dc56655ba3437e216ff000479c0d17032df3fa78a58c0598d5caff,external_author_access_required
02_evidence/original21/payload/project/manuscript_revision_20261002/supplement_tables/test_observations.csv,3018,9ab12ddc04a2dba4e0297c830be63d78f13b8646ff5e6bcd1691c1c75c832591,external_author_access_required
02_evidence/original21/payload/project/strong_baseline_final_eval/package_dual_gpu_v2/training_code/legacy/manual_spine_qc_exclusions.csv,773,9cdcb0d6f5dcf6e2f858587e6fe51c75926507226d95f2002d236f150fcb51e5,external_author_access_required
02_evidence/original21/payload/project/strong_baseline_six_execution/legacy/manual_spine_qc_exclusions.csv,773,9cdcb0d6f5dcf6e2f858587e6fe51c75926507226d95f2002d236f150fcb51e5,external_author_access_required
02_evidence/region/workspace/project/morphology_application_results_20261002/per_observation.csv,758931,5b5e86253915120cab5c53179375a1748c110fb0b7efd050a5f880a3c6be6e11,external_author_access_required
02_evidence/region/workspace/project/morphology_application_results_20261002/per_reference.csv,12187844,6a7136f5c0eb9b8e88f8d7116fc529030b18354817c8d77a4806257441b4ff02,external_author_access_required
02_evidence/region/workspace/project/strong_baseline_final_analysis_20261001/region_per_observation.csv,3736698,f25d66958880366a3bd8228a7534dcbaffa83feba79f2d28b3ea43f637fa53fa,external_author_access_required
02_evidence/region/workspace/project/manuscript_revision_20261001/morphology_application/LOCKED_APPLICATION.json,10559,0ec9efa17e2743a7636e553e2d12745b065a4f4204d1e411db449c5175ee48a1,external_author_access_required
02_evidence/region/workspace/project/manuscript_revision_20261001/morphology_application/REFERENCE_AXES.json,1693292,42f0bcfb579080b93dc397fe6178976959a3ad824997c8aed4cdf5c7af3ae96f,external_author_access_required
02_evidence/region/workspace/project/manuscript_revision_20261001/morphology_application/reference_manifest.csv,151444,d145dcdf73a6986e7f91fcc0868fb3f85e96f7f03ec9a613b938b432ac25e051,external_author_access_required
02_evidence/region/workspace/project/region_clDice_analysis_20261004/report_tables/all_eight_methods_application_per_seed.csv,5871,a30fd7b3e2a747f67181f42a185f7dadaf8dc6fdf67ce0a3bf4e154dfdbbfcbe,external_author_access_required
02_evidence/region/workspace/project/region_clDice_analysis_20261004/report_tables/all_eight_methods_mean_sd.csv,35881,46c99efcef2898b0a466fceadc721cba023178162b6de218c197d608c8cd50f2,external_author_access_required
02_evidence/region/workspace/project/region_clDice_analysis_20261004/report_tables/all_eight_methods_segmentation_per_seed.csv,24215,5d08adf198acbcc5e245da343a37be6ba07dbf60b5858b8ae9e3f95369e761c0,external_author_access_required
02_evidence/region/workspace/project/region_clDice_analysis_20261004/report_tables/SABR_minus_region_clDice_group_intervals.csv,5657,a5031fe9df902542ef2f4420a73e6d982f04f7de85630df67a042321e6e76749,external_author_access_required
02_evidence/region/workspace/project/region_clDice_analysis_20261004/test_analysis/common_success_length_pairs.csv,439930,839c39acfce64a5e83f386a0716b4b54d39aabdca3b92e846c88122ced7f935c,external_author_access_required
02_evidence/region/workspace/project/region_clDice_analysis_20261004/test_analysis/common_success_length_per_seed.csv,6566,db850728a6bcf8621ff4a0b3e4b87e97086b6cfa1a49257bff8f838b50a6c18e,external_author_access_required
02_evidence/region/workspace/project/region_clDice_analysis_20261004/test_analysis/COMPLETE.json,579,cb61fa02357d091e9f569f73f1a19aacc30707b66804134ff21a0171231ce4db,external_author_access_required
02_evidence/region/workspace/project/region_clDice_analysis_20261004/test_analysis/new_per_seed.csv,11714,d4e4fe7ef1c7642ca7e0441a9abfe4d87032a4e63865806138c08e376d32f238,external_author_access_required
02_evidence/region/workspace/project/region_clDice_analysis_20261004/test_analysis/OUTPUT_SHA256.json,219274,19e9b1dc9877a7d88ff67151aa23baf346cef741eb2c137ea6dfb9c0b54e8eef,external_author_access_required
02_evidence/region/workspace/project/region_clDice_analysis_20261004/test_analysis/paired_effects.csv,104612,38ecd505f3b38d548e22dbfe440e57e88a5cc01f78339f1312c1ad60eefe14a7,external_author_access_required
02_evidence/region/workspace/project/region_clDice_analysis_20261004/test_analysis/paired_intervals.csv,423088,79388cfe8d8c51bb51da3449d3e8bd9867b187e145fc72fe7221c3ec6bd61fb2,external_author_access_required
02_evidence/region/workspace/project/region_clDice_analysis_20261004/test_analysis/paired_three_seed_summary.csv,36326,25c017b7b621e6fc520776ad58cf995e187221bdf8ac024895086ff753efb2dc,external_author_access_required
02_evidence/region/workspace/project/region_clDice_analysis_20261004/test_analysis/segmentation_per_observation.csv,615889,fa57a1b94d6e58dc9091bbfcc602c987c68017afe9a9e1df7b6245a86902c3c2,external_author_access_required
02_evidence/region/workspace/project/region_clDice_analysis_20261004/test_analysis/sensitivity.csv,2859551,e6fe23f979467d5991768f69af26e5a60ced6d0a79a7160c5daee691a536cd3f,external_author_access_required
02_evidence/region/workspace/project/region_clDice_analysis_20261004/test_analysis/TEST_ACCEPTANCE.json,3299,a74da59dbdcd207ca1b09b7bca91d8cdae7f4170366f0fd9dd0237db939677a9,external_author_access_required
02_evidence/region/workspace/project/region_clDice_analysis_20261004/test_analysis/application/COMPLETE.json,3970,4c4fd744b7d7d1a43ae3a6ec0cd95097e5a7c70c5c90f337d8b20c985a8e4a03,external_author_access_required
02_evidence/region/workspace/project/region_clDice_analysis_20261004/test_analysis/application/per_copy.csv,211950,716e6d5e1d85ed2e71a7898ad070a41bd1f4f52d04211d0bd5b8b8d7b94fbdfe,external_author_access_required
02_evidence/region/workspace/project/region_clDice_analysis_20261004/test_analysis/application/per_observation.csv,120184,9e0e4d3a4f3a538e9ac71dc3baa7f7eac539d5378318bf9581dba6ac265b8d3c,external_author_access_required
02_evidence/region/workspace/project/region_clDice_analysis_20261004/test_analysis/application/per_reference.csv,1844608,3a0bc873439b3e1fbf82ed0e8e991c0a536eb14aa63a4028e6bb2dd6d23d0dbc,external_author_access_required
02_evidence/region/workspace/project/region_clDice_analysis_20261004/test_analysis/application/per_seed.csv,1455,af7ded3f967a6ee455d97d6cb218e6f866de7b138c206cce138b2e38e4913085,external_author_access_required
02_evidence/region/workspace/project/region_clDice_analysis_20261004/test_analysis/application/signature.json,3674,4be290e8de4241f6bcaddfb362f01e991f2fba3d7b60a5bebf9b7eefa5823b8d,external_author_access_required
02_evidence/region/workspace/project/region_clDice_path_fix_20261004/evaluation_package/training_code/legacy/manual_spine_qc_exclusions.csv,773,9cdcb0d6f5dcf6e2f858587e6fe51c75926507226d95f2002d236f150fcb51e5,external_author_access_required
03_source_data/supplement_tables/CONSOLIDATION_QA.json,6617,a9378871dd3d20e9693d4665e32f5ba7cc8114d0717f98155139ee53f5f63a32,external_author_access_required
03_source_data/supplement_tables/evaluation_denominators.csv,2145,2cba7455af9c2d1ce5153ddcc1b1aeb65facabc36a058353c0d56cc3af53c988,external_author_access_required
03_source_data/supplement_tables/qc_exclusions_with_partition.csv,822,1d8e996094b72966eb69697bb9076abf39116fc44b24232410c9ecf35b10b26d,external_author_access_required
03_source_data/supplement_tables/S11_TABLE_FILE_INDEX.csv,2755,cd6022e781b7f628197fbda032db017d5816393a75b1a964ffd710041c6a30ce,external_author_access_required
03_source_data/supplement_tables/target_quality_per_component.csv,2854950,087ba19a14f4608e1e63e335376c374f3b077f92cf94565e8ab039c758f7be22,external_author_access_required
03_source_data/supplement_tables/target_quality_per_copy.csv,93403,007a2f56117c75d26bb139e5765b295fcaea724899be24fac1cef2fc54485cc7,external_author_access_required
03_source_data/supplement_tables/target_quality_per_instance.csv,988129,d8da844ff517256f940ef37d4ec257b1c9dea2a6e40d74c080dcc9e334fd1cf4,external_author_access_required
03_source_data/supplement_tables/target_quality_per_observation.csv,36724,4b8d83118aea5e3e902104ce46a416f1bceb3dd9a356f1b32f4aca6db5874e02,external_author_access_required
03_source_data/supplement_tables/TARGET_QUALITY_SUMMARY.json,8778,e8a1ff7316927f67d3e63cfd93734dcf3b3c951bc28fe4f53abf7af44b11c3e3,external_author_access_required
03_source_data/supplement_tables/temporal_group_inventory.csv,955,9e3b8e1c0b566695458f8a879e9ed9fb45a4feca2743e42639bdb00a61291eaf,external_author_access_required
03_source_data/supplement_tables/temporal_sensitivity_all_endpoints.csv,5481709,fff35490c76a984cd731c63463b86a39af3c655a94a9c5240770b112a1d9b104,external_author_access_required
03_source_data/supplement_tables/temporal_sensitivity_focus.csv,66618,5d0dce5db2a23b1aa7c6223b6658e89883c77ab049ee6efb2d7316b8faf106d5,external_author_access_required
extra/PROTOCOL_CN.md,4684,7bb086b4c54804e3595afbfede45ffd231462e0ae05c5f870679906c12ecc44f,external_QA_tool_or_protocol
extra/audit_panel_alignment.py,39364,43958e6b49d897f326ff64e73cbed0bf057e17c06533b5b57d3dededf8111e76,external_QA_tool_or_protocol
extra/audit_figure_collisions.py,27343,841ede7dcaefa3ab11576b5ba52375d1678a71f77d39f553d5464e81b0699283,external_QA_tool_or_protocol
extra/audit_pdf_text.py,5545,11b8f3ec50bc13e2bd8561eeb7cd204307f4ce5a70ac57fa24c809ce1b9c252c,external_QA_tool_or_protocol
extra/validate_figure.py,33178,c548e180d31fc1557cbfcd452ab78c7a969273a80b311068aa80acfe86ecfd90,external_QA_tool_or_protocol
