run,method,seed,source_checkpoint_sha256,export_checkpoint_sha256,tensor_sha256,parameters,export_file,bytes,selected_status,selected_threshold,source_training_checkpoint_included,inference_export_available_local,weight_archive_member,weight_bytes_verified,scope,application_scores_source,fixed_0_5_status,submission_version,application_scores_package_file
BCE_Dice_seed20260831,BCE_Dice,20260831,7ec3ed8d3cc6bf802516455b817fda4fb465d905d5590e9ecb4e14faee72f6b1,fe9c5d4e0f3df94c6ce7c8b5ca81e8b71b8ff6a033e39ef87ca64a7f36f3c07d,87f52846bb60feeb57606a97925d4a69384404d2f63f67ef56e7ff6aa9877de5,7762465,models/BCE_Dice_seed20260831.pt,31109490,OK,0.5,False,True,original_21/SABR_REVIEW_PRIVATE_WEIGHTS_20261002_v1.zip!payload/project/morphology_application_execution_20261001/package/models/BCE_Dice_seed20260831.pt,True,original_21_frozen_inference_export,project/morphology_application_results_20261002/per_reference.csv,OK,paper-v5,02_evidence/original21/payload/project/morphology_application_results_20261002/per_reference.csv
SRL_seed20260831,SRL,20260831,36b24d76261906842679b66c68e9cf8f42950aab2533b7a6fa529c2ca5d3025b,258f49be89e6d860a6055992e72c0533ce06e7daa113938757e42bb8198eb042,e19386afa96eb82bcfec0194e41d63a6c2b07554243f68ad3fe849f1bef29956,7762465,models/SRL_seed20260831.pt,31108880,OK,0.75,False,True,original_21/SABR_REVIEW_PRIVATE_WEIGHTS_20261002_v1.zip!payload/project/morphology_application_execution_20261001/package/models/SRL_seed20260831.pt,True,original_21_frozen_inference_export,project/morphology_application_results_20261002/per_reference.csv,OK,paper-v5,02_evidence/original21/payload/project/morphology_application_results_20261002/per_reference.csv
SABR_seed20260831,SABR,20260831,b71136d1e68e1e05d69a4c335abcf393ef31e0eaa92aeb29f3ba862e9f6b76f3,85f9c712222f8b89f0dcc003cec57e7679167c81edf4b9499d57528059550da3,2131bdfc3daafdd6c552520e45d22821ca4b1090c5e351dd963895d559f67807,7762465,models/SABR_seed20260831.pt,31109002,OK,0.875,False,True,original_21/SABR_REVIEW_PRIVATE_WEIGHTS_20261002_v1.zip!payload/project/morphology_application_execution_20261001/package/models/SABR_seed20260831.pt,True,original_21_frozen_inference_export,project/morphology_application_results_20261002/per_reference.csv,OK,paper-v5,02_evidence/original21/payload/project/morphology_application_results_20261002/per_reference.csv
ResidualPixel_seed20260831,ResidualPixel,20260831,5c3ad38d4e421978ca152091de40c019aa15b90988578cd21575e9719ab52a35,b9a297bce8bb7fda1b515690902968a4a2aca1da37c77a9c993fc5488bd3399f,363a54db04e5bcf31455b6849fa0225cf6df3edd4b0db781f862490b59eec152,7762465,models/ResidualPixel_seed20260831.pt,31110164,OK,0.574999988079071,False,True,original_21/SABR_REVIEW_PRIVATE_WEIGHTS_20261002_v1.zip!payload/project/morphology_application_execution_20261001/package/models/ResidualPixel_seed20260831.pt,True,original_21_frozen_inference_export,project/morphology_application_results_20261002/per_reference.csv,OK,paper-v5,02_evidence/original21/payload/project/morphology_application_results_20261002/per_reference.csv
SRL_FG_seed20260831,SRL_FG,20260831,9956f9655b054988df4e11c8a2bdb859dccec43e935a9b7c7d14bc1e6fee39e2,e4eac716b2cf68d7f651c5a9b294273db0bb539dbc6cb1063551514b35391386,1c2bafda756dbdeae3b924499420aa5e115ce71ea187d5b616ba49ffb4dc5f67,7762465,models/SRL_FG_seed20260831.pt,31109246,OK,0.32499998807907104,False,True,original_21/SABR_REVIEW_PRIVATE_WEIGHTS_20261002_v1.zip!payload/project/morphology_application_execution_20261001/package/models/SRL_FG_seed20260831.pt,True,original_21_frozen_inference_export,project/morphology_application_results_20261002/per_reference.csv,OK,paper-v5,02_evidence/original21/payload/project/morphology_application_results_20261002/per_reference.csv
BCE_Dice_seed20260901,BCE_Dice,20260901,84524b62f8055afc281405f88a86f2fd391676a7e3614dd7d1d4e0129c80f231,905628293855d3823f7e162d152219751856f74af20917578148e6df2e018a94,0c1281d33fdb1ce0ea8e5998e67220bce398dbea308f80f147dca0b1cdd69dbe,7762465,models/BCE_Dice_seed20260901.pt,31109490,OK,0.5,False,True,original_21/SABR_REVIEW_PRIVATE_WEIGHTS_20261002_v1.zip!payload/project/morphology_application_execution_20261001/package/models/BCE_Dice_seed20260901.pt,True,original_21_frozen_inference_export,project/morphology_application_results_20261002/per_reference.csv,OK,paper-v5,02_evidence/original21/payload/project/morphology_application_results_20261002/per_reference.csv
SRL_seed20260901,SRL,20260901,a5b7da63f2174356f54695e2d80c85f6889a8debed8701d90cc6e2a1c8a9ca30,21150b1681a37eb9cdeb0a4a73e2214cc0d49bf4f52b1645105bd8accd449ff9,7c910401337144c10c4693f8504a7bbda7e2a9bfebcdead7f1001248011401ac,7762465,models/SRL_seed20260901.pt,31108880,OK,0.9900000095367432,False,True,original_21/SABR_REVIEW_PRIVATE_WEIGHTS_20261002_v1.zip!payload/project/morphology_application_execution_20261001/package/models/SRL_seed20260901.pt,True,original_21_frozen_inference_export,project/morphology_application_results_20261002/per_reference.csv,OK,paper-v5,02_evidence/original21/payload/project/morphology_application_results_20261002/per_reference.csv
SABR_seed20260901,SABR,20260901,225fe34053035157d4ff125d6a340e34c0808092d0e075dcd43e6cb615ba00dd,9a5030ac57887947ec22cd18a39b835abf3fb56515a2881df72ae010e45ecf42,2aba15aea3517435d65f4d7485c01df61a1a508d2f17e2e86fb1ee035347f51d,7762465,models/SABR_seed20260901.pt,31109002,OK,0.9900000095367432,False,True,original_21/SABR_REVIEW_PRIVATE_WEIGHTS_20261002_v1.zip!payload/project/morphology_application_execution_20261001/package/models/SABR_seed20260901.pt,True,original_21_frozen_inference_export,project/morphology_application_results_20261002/per_reference.csv,OK,paper-v5,02_evidence/original21/payload/project/morphology_application_results_20261002/per_reference.csv
ResidualPixel_seed20260901,ResidualPixel,20260901,eeb603084724a28068ff213231e0df620e962a9fb78bf5f9a441b7d3875c358e,b13d9170c6d445decb2fe162d22e423951488ea5ec36bd86157bd452cf1c8cf7,49bc6c884bc67bb5b100c4de6a143fa585454ad7c9c4030f21825cf3943615ee,7762465,models/ResidualPixel_seed20260901.pt,31110164,OK,0.9900000095367432,False,True,original_21/SABR_REVIEW_PRIVATE_WEIGHTS_20261002_v1.zip!payload/project/morphology_application_execution_20261001/package/models/ResidualPixel_seed20260901.pt,True,original_21_frozen_inference_export,project/morphology_application_results_20261002/per_reference.csv,OK,paper-v5,02_evidence/original21/payload/project/morphology_application_results_20261002/per_reference.csv
SRL_FG_seed20260901,SRL_FG,20260901,9296ac618f1a760c91349ac5fddde4fbf6391cb0665bcdafe58a87ed85cb6c51,d0e0a4f5f1386f9060f931d5a3779b03efe7a5f91a58aef4cb8333c0e2ea503d,cbca3d4e5ef4675251507e23acce8014a27d12e65fc7c3347b6bedd67519da74,7762465,models/SRL_FG_seed20260901.pt,31109246,OK,0.925000011920929,False,True,original_21/SABR_REVIEW_PRIVATE_WEIGHTS_20261002_v1.zip!payload/project/morphology_application_execution_20261001/package/models/SRL_FG_seed20260901.pt,True,original_21_frozen_inference_export,project/morphology_application_results_20261002/per_reference.csv,OK,paper-v5,02_evidence/original21/payload/project/morphology_application_results_20261002/per_reference.csv
BCE_Dice_seed20260902,BCE_Dice,20260902,e72dbd331f1e8c12ddd4ae032303ec3b2d1aae15e015ad5841d99019b3827783,e30c1e30b3841c2a2a15f6db1a554760eebb66204f78de22946231d845cf018c,1fa8f2ed03f4e719a7e587699758e5e00d9a9e60034902520779bf0b54e03c33,7762465,models/BCE_Dice_seed20260902.pt,31109490,OK,0.5,False,True,original_21/SABR_REVIEW_PRIVATE_WEIGHTS_20261002_v1.zip!payload/project/morphology_application_execution_20261001/package/models/BCE_Dice_seed20260902.pt,True,original_21_frozen_inference_export,project/morphology_application_results_20261002/per_reference.csv,OK,paper-v5,02_evidence/original21/payload/project/morphology_application_results_20261002/per_reference.csv
SRL_seed20260902,SRL,20260902,aa5f55a1d878fbe79f6499ec855f0c97695f5ec625efc6ad6217ee39d2b8a30c,88ac36f77f489261a940a07790030c569a85d5b8a583c85a637a662e77abe169,49a100aa6577938f8d5d0ab066e8e3f6f00f905e392ffa07e66e8e282d76a6d3,7762465,models/SRL_seed20260902.pt,31108880,OK,0.3499999940395355,False,True,original_21/SABR_REVIEW_PRIVATE_WEIGHTS_20261002_v1.zip!payload/project/morphology_application_execution_20261001/package/models/SRL_seed20260902.pt,True,original_21_frozen_inference_export,project/morphology_application_results_20261002/per_reference.csv,OK,paper-v5,02_evidence/original21/payload/project/morphology_application_results_20261002/per_reference.csv
SABR_seed20260902,SABR,20260902,a18d55fd109d1f1cc8423203f68d133b87bd40590a780462e8b58f0eacf42266,52a411452c147cdf0cb34978f8170e40a8a39d0198d5ed74471ad7cadf1e2640,94b072845856105686c9f7eb3661ee37d3dab5bad67af40ff7c82b2883e3939b,7762465,models/SABR_seed20260902.pt,31109002,OK,0.949999988079071,False,True,original_21/SABR_REVIEW_PRIVATE_WEIGHTS_20261002_v1.zip!payload/project/morphology_application_execution_20261001/package/models/SABR_seed20260902.pt,True,original_21_frozen_inference_export,project/morphology_application_results_20261002/per_reference.csv,OK,paper-v5,02_evidence/original21/payload/project/morphology_application_results_20261002/per_reference.csv
ResidualPixel_seed20260902,ResidualPixel,20260902,44d825350350716f9d258b972a3d999f8319e8e00307369e222354485aa6df9d,1571e45c42b94590a6d4294cfc4e33a5252438ad62358b57d291500f6cd84d81,0b9fbf32a794288d62f8e30def0e716c27b2c9363d86c340c4975ee939e1fee3,7762465,models/ResidualPixel_seed20260902.pt,31110164,OK,0.925000011920929,False,True,original_21/SABR_REVIEW_PRIVATE_WEIGHTS_20261002_v1.zip!payload/project/morphology_application_execution_20261001/package/models/ResidualPixel_seed20260902.pt,True,original_21_frozen_inference_export,project/morphology_application_results_20261002/per_reference.csv,OK,paper-v5,02_evidence/original21/payload/project/morphology_application_results_20261002/per_reference.csv
SRL_FG_seed20260902,SRL_FG,20260902,d45e42c181533c2bdf201d783cc2b3e37bab3d4a9174c69c551afb0fa93c181a,a4b35a0646c618c9209fc93c231ad4e455efafeb78ddbb39055241275551663f,795db960550a3d30f8c82b8845ad5dd5ecf4a625ed785f0451eb6bbd0f89d581,7762465,models/SRL_FG_seed20260902.pt,31109246,OK,0.8999999761581421,False,True,original_21/SABR_REVIEW_PRIVATE_WEIGHTS_20261002_v1.zip!payload/project/morphology_application_execution_20261001/package/models/SRL_FG_seed20260902.pt,True,original_21_frozen_inference_export,project/morphology_application_results_20261002/per_reference.csv,OK,paper-v5,02_evidence/original21/payload/project/morphology_application_results_20261002/per_reference.csv
UNet_softDice_clDice_seed20260831,UNet_softDice_clDice,20260831,a85e9b1e01923f9eea297863abda03465b8fabe366ef22850d9204132220120f,a85e9b1e01923f9eea297863abda03465b8fabe366ef22850d9204132220120f,d12f79b83097f98c67f89b3d141c4b7051c832cb6c4e1731bf94939fdd3660e0,7762465,models/UNet_softDice_clDice_seed20260831.pt,31111082,INFEASIBLE_NA,,False,True,original_21/SABR_REVIEW_PRIVATE_WEIGHTS_20261002_v1.zip!payload/project/morphology_application_execution_20261001/package/models/UNet_softDice_clDice_seed20260831.pt,True,original_21_frozen_inference_export,project/morphology_application_results_20261002/per_reference.csv,OK,paper-v5,02_evidence/original21/payload/project/morphology_application_results_20261002/per_reference.csv
FlatUNet_BCE_seed20260831,FlatUNet_BCE,20260831,e0b85496db56bc7e789df524f3ef9cfda7375684cb64b89839309fd0d52b15c0,e0b85496db56bc7e789df524f3ef9cfda7375684cb64b89839309fd0d52b15c0,334c39268d0a225b19479de4505119e9016207b74e4e2385871175680727a123,258081,models/FlatUNet_BCE_seed20260831.pt,1061578,OK,0.5,False,True,original_21/SABR_REVIEW_PRIVATE_WEIGHTS_20261002_v1.zip!payload/project/morphology_application_execution_20261001/package/models/FlatUNet_BCE_seed20260831.pt,True,original_21_frozen_inference_export,project/morphology_application_results_20261002/per_reference.csv,OK,paper-v5,02_evidence/original21/payload/project/morphology_application_results_20261002/per_reference.csv
FlatUNet_BCE_seed20260901,FlatUNet_BCE,20260901,bb3f94f4b02159cf6b9eb610bf7ff65edb5f0fe24eefe84dde7db7b4f59c57af,bb3f94f4b02159cf6b9eb610bf7ff65edb5f0fe24eefe84dde7db7b4f59c57af,34108f177e6a49a31f238e31fa0f0dcf888bb6cadea9f13ff59100fe7be367f8,258081,models/FlatUNet_BCE_seed20260901.pt,1061578,OK,0.675000011920929,False,True,original_21/SABR_REVIEW_PRIVATE_WEIGHTS_20261002_v1.zip!payload/project/morphology_application_execution_20261001/package/models/FlatUNet_BCE_seed20260901.pt,True,original_21_frozen_inference_export,project/morphology_application_results_20261002/per_reference.csv,OK,paper-v5,02_evidence/original21/payload/project/morphology_application_results_20261002/per_reference.csv
UNet_softDice_clDice_seed20260901,UNet_softDice_clDice,20260901,15f17bb88187874793a4a8f634ce5d75c197d4a6ea7186605311233d027b45c8,15f17bb88187874793a4a8f634ce5d75c197d4a6ea7186605311233d027b45c8,88383bf4c4b1ff3512542d90d7c9a131735dd2118124185660c4fb3236909d0d,7762465,models/UNet_softDice_clDice_seed20260901.pt,31111082,INFEASIBLE_NA,,False,True,original_21/SABR_REVIEW_PRIVATE_WEIGHTS_20261002_v1.zip!payload/project/morphology_application_execution_20261001/package/models/UNet_softDice_clDice_seed20260901.pt,True,original_21_frozen_inference_export,project/morphology_application_results_20261002/per_reference.csv,OK,paper-v5,02_evidence/original21/payload/project/morphology_application_results_20261002/per_reference.csv
UNet_softDice_clDice_seed20260902,UNet_softDice_clDice,20260902,d346512601a1d951459c6ddd3920654556a126eab6360d0deac474e3b1ffc7d7,d346512601a1d951459c6ddd3920654556a126eab6360d0deac474e3b1ffc7d7,0e92aaa419c7eb6d6ddce23292b6b3be2347a13a4de01f1289f7240a2a7c89fc,7762465,models/UNet_softDice_clDice_seed20260902.pt,31111082,INFEASIBLE_NA,,False,True,original_21/SABR_REVIEW_PRIVATE_WEIGHTS_20261002_v1.zip!payload/project/morphology_application_execution_20261001/package/models/UNet_softDice_clDice_seed20260902.pt,True,original_21_frozen_inference_export,project/morphology_application_results_20261002/per_reference.csv,OK,paper-v5,02_evidence/original21/payload/project/morphology_application_results_20261002/per_reference.csv
FlatUNet_BCE_seed20260902,FlatUNet_BCE,20260902,6152cd01b7a5c9b7d477a24587d6811e672e00c08e5421d988ad1867fded5b9d,6152cd01b7a5c9b7d477a24587d6811e672e00c08e5421d988ad1867fded5b9d,93cd05eb43c1fa9d1dcba522f19a3a7847df2e09c55c9ce00abec61c5de99f74,258081,models/FlatUNet_BCE_seed20260902.pt,1061578,OK,0.699999988079071,False,True,original_21/SABR_REVIEW_PRIVATE_WEIGHTS_20261002_v1.zip!payload/project/morphology_application_execution_20261001/package/models/FlatUNet_BCE_seed20260902.pt,True,original_21_frozen_inference_export,project/morphology_application_results_20261002/per_reference.csv,OK,paper-v5,02_evidence/original21/payload/project/morphology_application_results_20261002/per_reference.csv
UNet_region_clDice_seed20260831,UNet_region_clDice,20260831,2186dec1a0636676255fa83e9cd4197cf467dd618be412cef8bcf202fd53d5be,d3e2782a7711468e1d2c03f4f963b29cc0c5258fab4caa3ae81f197e61b3f6d3,54c44be563ed762525be99f7f410fa0d35ea8f7832890598e166bc33c97f73a0,7762465,weights\UNet_region_clDice_seed20260831.pt,31110838,OK,0.15000000596046448,False,True,workspace/project/region_clDice_path_fix_20261004/evaluation_package/weights/UNet_region_clDice_seed20260831.pt,True,region_clDice_frozen_inference_export,project/region_clDice_analysis_20261004/test_analysis/application/per_reference.csv,OK,paper-v5,02_evidence/region/workspace/project/region_clDice_analysis_20261004/test_analysis/application/per_reference.csv
UNet_region_clDice_seed20260901,UNet_region_clDice,20260901,4a17bdc584bb984db911040e35eb591266bf165366a793bf2a2d65ac6c035b2a,a263d54c92a25fbe37bd1049931ed00c3fc1495fac7ecd6344703f799ae281d2,88bb09de6c042ab045126e1bb5fdbbc236ad8019147d6976749e64b06daa2db0,7762465,weights\UNet_region_clDice_seed20260901.pt,31110838,OK,0.9900000095367432,False,True,workspace/project/region_clDice_path_fix_20261004/evaluation_package/weights/UNet_region_clDice_seed20260901.pt,True,region_clDice_frozen_inference_export,project/region_clDice_analysis_20261004/test_analysis/application/per_reference.csv,OK,paper-v5,02_evidence/region/workspace/project/region_clDice_analysis_20261004/test_analysis/application/per_reference.csv
UNet_region_clDice_seed20260902,UNet_region_clDice,20260902,f588b7114bc3dfa61fe4098bd9c11e190c61edc7461fb0b6a57c5d3aa0663da4,fc2fc25f9c0c23363e5a1fef8dbaa5dbfdc6c12109dc19fca04e116208fd9602,ad0b24e47db6073edb4ef6a67931c18bcb85de90298929aaa591a4c04c9d656f,7762465,weights\UNet_region_clDice_seed20260902.pt,31110838,OK,0.7749999761581421,False,True,workspace/project/region_clDice_path_fix_20261004/evaluation_package/weights/UNet_region_clDice_seed20260902.pt,True,region_clDice_frozen_inference_export,project/region_clDice_analysis_20261004/test_analysis/application/per_reference.csv,OK,paper-v5,02_evidence/region/workspace/project/region_clDice_analysis_20261004/test_analysis/application/per_reference.csv
