path,bytes,sha256
.gitignore,111,acf3c468ae6c9b1a68a9f42bfc9e00a821276846b02e108e0d1149b76b822d38
CITATION.cff,866,0c10b3eede107e39772ef54ee7f0141ea778fc72ed241e8e07fc60ad2c035668
LICENSE,1077,b9477a151d4c6fb41d8f0c17379f9545e2a09d31b962d2b502ef650a07f5a4f4
README.md,10752,e05a0e3749210fbf833c69a49481be965feb18ceaf89e9f93527beacc3d6301e
THIRD_PARTY_NOTICES.md,3156,53fa665bd9460895afe6c3c658735982312b647487b84201a44f929c7be63b0b
TREE.txt,5638,3f6490d7c15c21ca5e70cf51ffdca26cd007b18300e8a1dac674d63a8d20da53
analysis/README.md,1049,fbbfbdc972f064e14fb1ac26e8d7d2ecd6e05f2db08318e1cb23b63da6cc3aac
configs/paper24/models.json,15502,7e11146ae297a4f4115576a800c947a8abf36e296b7057f2a1ba05632edbd927
configs/paper24/paths.example.json,209,62acd2bed95c13eb841bc2d46ea08c802e0adacfd35aa8f3694a03ba2d9d4bdd
configs/paper24/protocol.json,4509,375429588a2e49416ba622a9fb6fd3799f9d538dfa079580b6abc9a9acc0e48d
configs/paper24/reproduction.json,3197,fac2df64435309f2cd36a8d4a33887c38158466d34238094191dde8ebb41e1c6
data/README.md,1038,63811b495783f15038b1eb300cf398ad57de787bbb43419aae7263dff5dc5e17
docs/ADAPTATIONS.md,5433,fca98ea31a980a008b86d629d543480a33a8d37d7273b14b0e72b69f37c3150f
docs/CITATION.md,1604,d9ac46508a259312e4380ff8cdaa20a1b92b83626df944a32a3d3d5c85ca3a4d
docs/CODE_AVAILABILITY.md,2078,34b14fcc53713f70aaa120f96ab6dd977fb376dff3398b3f446f097fda87aa33
docs/COMMANDS.md,7507,1f4ac96d234157f8a896898a7f9d03be01e09bdd8e1964eba4cec358541c9156
docs/INPUTS.md,8647,3ebe06cee25e7a989a23c31ae564cf1d51f398850073652f6bc666156a4065e8
docs/INSTALLATION.md,2211,06d818814415bc8b61e43a18f8e240d326152b92268312b904173a8f612bfe02
docs/MODULES.md,2471,0a03f4bc781bd4d0c951a3bdbf5447d9ba47c35d93f0ed7e6f6634cd5f42ca64
docs/OUTPUTS.md,3651,42db7b8da589708f22fe8e38b2f49527d223a8cf4e1e7eebc1e88b0b166b6f05
docs/REPRODUCTION.md,3133,1cfb5b06f79ebe9d610172b9f294caa030aff40c3e113a0f4c6cec08ee41c777
docs/SCIENTIFIC_PROTOCOL.md,6948,79eb6ee4062f7c4da15a3d027d8d2d1710eab17328f11ba720a37c8c65f831e7
docs/TRAINING.md,6339,5130922d17608753aafbadce73190a76567445e090139418324cafd7d41fc222
docs/VALIDATION.md,9318,e79a1e05c0b60f6c916de43239db2dab657c16212d3c10f2f198f5b5c0a357e2
examples/synthetic_axis.py,732,2a12fcfcd8c244daba999857518f0090a958fa54c5044b8ed58cecc2871a97a2
frozen_sources/analysis/audit_and_analyze.py,27313,c0f2b4a4b937987336dea892fc04b9eab8e4ec0c16cb9b04c36f8ec9086a594d
frozen_sources/analysis/evaluate_mechanism_branches.py,4538,fbf2d266a12629f0acdd4a67bb5fe7b14a58b04acdcabc4affa06a1dab19ed82
frozen_sources/analysis/region_postprocess.py,18690,27b3d99ee2f40cee2d1a3cbfeb694c9eff4f666c666f6196ec477bf0dd79d577
frozen_sources/analysis/summarize_mechanism_test.py,5219,25e6b5f86275a5632b060333b745c30761d92f82d0254436f7b901ea5b98ab06
frozen_sources/application/application_statistics.py,10974,a36ad915dd1ae903968f4c1664f9001a9d261a4fdac37d38d6e55f9f477f1cc2
frozen_sources/application/frozen_bootstrap.py,424,479205fe84e8ab421edd3a85dca0104a63b42aa07ca2f57e54c52a8725aebbf6
frozen_sources/application/mask_acceptance.py,6824,0aa1a26af36687ada3260fa071f4bbe70d0d69d71b14d11d3c81bf35117db3aa
frozen_sources/application/run_application.py,8691,16a0cee688a4aa5f7afee127dbcc4ae39d014143b4f87b732fe3dd9ba0405c0a
frozen_sources/axis/axis_evaluator.py,9996,c362d6dd7b7801493a805d846e20a04dd41a351896deee2e007f10f2dc4e442d
frozen_sources/axis/prepare_reference.py,5660,074a013e91dd6c5d54b1d0a0780d17108ad66e4a5d1903d5a87b396fcbdcd0aa
frozen_sources/baselines/CODE_LOCK.json,7542,97d7a93cbd59d79ab862d6ee20d4e0fdfe69c5958cf1beb3e800e11a405f3f63
frozen_sources/baselines/FROZEN_DESIGN.json,8729,62c83a780c821a49dad8e0c9a6d0a5a928daaec784076f2052196f432cf078c7
frozen_sources/baselines/INITIAL_DIGESTS.json,252,84e5903c0de14cd437492f244ce4b0b524a3cddd352d724a0c5a873bb2a0ac6a
frozen_sources/baselines/SOURCE_PROVENANCE.json,6778,b34ecb223dc630d209b51e54775a685e6cf653615ff68a3b05efb4370747f799
frozen_sources/baselines/data.py,3158,060517993b1cc52b145facba944fdd0290df90ff190d68b9249b518e473daccc
frozen_sources/baselines/engine.py,11412,7031202122a65a1b291eda12d3296013a9c194db9a16d564446af7e0c279db0c
frozen_sources/baselines/engineering_tests.py,2461,c363e0fe1bbe0ee35f86f28742534f70cc3fc6f4c9000ae072b92c259851b065
frozen_sources/baselines/kaggle_entry.py,8207,9188bab6f77d02147a2fd564f3518775c910ed6d0f89caff2cc3889dc5647bfb
frozen_sources/baselines/methods.py,1628,f593d08018c10b9eea80da8b96c2dd6e15be06b0e197e0d2356092d3c3b16e70
frozen_sources/baselines/release.py,2007,9145e5a2ab703c2818405ce1b2806857cabadfd0e224c7d2b1ac169750f075a0
frozen_sources/baselines/runtime.py,7065,6d7672a8bea04750a3bf37f0a2ab5ce0d25a10dd6395037ea10c5055f9dd7cd3
frozen_sources/baselines/smoke.py,10301,327404666c79e068e2caf57040cdf2646bf3f3ba33e592d3bab0d7a443092331
frozen_sources/baselines/target_preflight.py,2816,0ed37f6c7ccc7e82331c726da97449105708b2c77ac4b1fd4755e6b82b7968ad
frozen_sources/diagnostics/ANALYSIS_CODE_LOCK.json,360,d6546de1af15ece9894b955c39b22ac5016adbe4de2a8cc4240620e3e2d62219
frozen_sources/diagnostics/ANALYSIS_FREEZE.json,2594,9d423cc9579ea6e10e764537ba95be8f29a4e9bbfeeea577eef0a4954ef884ea
frozen_sources/diagnostics/analyze_calibration.py,22286,2fc72a0e7d766266e3d629fae37be272f065f7608cf204ed9287b52e3b82922d
frozen_sources/diagnostics/portable_adapter.py,3618,87edb66fe64bcde0cae089c3928592a840fdf437bc159482aa9ac18a48448329
frozen_sources/figures/build_application_figures.py,14589,578af9613b74f47930ce9c17a27f54d808bb40475999c4450bafef8c4d551323
frozen_sources/figures/build_morphology_figure.py,8913,093e336a81f0fead3b36351f09b9b04d44e328c6e075a228ec88cd1785607b76
frozen_sources/figures/build_segmentation_figures.py,18313,da239b47db0d36e307551a913265ab1e1e12a702007d5733c13dc42ed468230c
frozen_sources/figures/display_labels.py,9532,5c4537d829ce10574e839afd228111b684c05360fadf0015b7db0069bd9fe14c
frozen_sources/figures/plot_control.py,3935,3094ed073a424b8b3ba14839b02b0e7752334423eb32e86eb6b81ae3417c007e
frozen_sources/mechanism/annotation_helpers.py,6100,2ce99834cdc473790c65c03df1070e03bb83d8d34c5465559fc025ccd3b50ae2
frozen_sources/mechanism/branch_reference.py,3461,e40458ceaa0def27fc8f3c253e69498f2cdb05937afad960047234b6f900215a
frozen_sources/mechanism/data_pipeline.py,5910,c588ccc2f512d05a16259d2880562c84a75d56aeb4cb5364d0c6b8c222d7e583
frozen_sources/mechanism/frozen_evaluator.py,17582,5afa46ee214713311d59f1c50d5d71da772886bbd8bc428c6ab2f913888d6659
frozen_sources/mechanism/historical_losses.py,3842,1ecb599afde7f7f14e2c7e5c4627b9ee72c8294f64eab8eab1f8ce4b444f0945
frozen_sources/mechanism/objectives.py,1036,abe21f38c94c68b5aac798d054a6024e7a5a989e098b7c6a4413b1135239f961
frozen_sources/mechanism/run_suite.py,4583,9808b46d01a3335d09edafd839edfdf9c3b3ea473ea6130b3d60b7d985ee37fc
frozen_sources/mechanism/threshold_curve.py,9060,9f7e3c477e3fba2f9754526cc19ebd65d15e8bc285731bd131ea6eaa71ced97d
frozen_sources/mechanism/trainer.py,8116,bbdcda86cd2482704ed07a6a2f2aedc6155dd5e6eab6728bb29bf9d2e5de3cee
frozen_sources/mechanism/unet.py,1708,6e6702d7ed3cac6f442b8240661287288821412a455d3831d2eafc2731c5860b
frozen_sources/mechanism/validation_export.py,2848,d6980030528bcc636bdb906ec57a642fa6c2fee79839a86d5ca3e5f3bdbbcc0f
frozen_sources/region_training/CODE_LOCK.json,3782,212613c786018c3a297f1f950e30b76ee10cb4186dbe7f996248d7f9bd2e954d
frozen_sources/region_training/FROZEN_DESIGN.json,3756,c19285817c517ee29ba0a567976b50c9c7a0900000c734f8160144f6477710bb
frozen_sources/region_training/INITIAL_DIGESTS.json,252,84e5903c0de14cd437492f244ce4b0b524a3cddd352d724a0c5a873bb2a0ac6a
frozen_sources/region_training/RUNTIME_SPEC.json,1329,c23d12be430aac3568a2192350d3f321bcb01c522541bf0caf2855554b72d37a
frozen_sources/region_training/bootstrap_runtime.py,8849,a09886555831ec54c628f7fe1316e97d176c5a6d1cb9531cd31bf56b29752bd5
frozen_sources/region_training/cpu_ddp_smoke.py,5033,b9eda11a2effa7486bb7b32b90c5b97cf7873731e3712a20038f8c9ea356d678
frozen_sources/region_training/data.py,3158,060517993b1cc52b145facba944fdd0290df90ff190d68b9249b518e473daccc
frozen_sources/region_training/ddp_engine.py,12687,68417c9fec4dd547e455ceffbe65831daf31398a1624bac9c926814ccc93498f
frozen_sources/region_training/ddp_parity.py,5052,9206f003e1aea59f3711f496408f04fd39d1d55deb7b1d4f6924b5333feff794
frozen_sources/region_training/ddp_smoke.py,3534,792c7e5b43608516848359bf335257613dcb3ade11c4babbe819fdc30579279c
frozen_sources/region_training/distributed_math.py,2517,59f033cad8d1898a23553367dffecefa545d4a8e6c615393c1d8343dcb83844a
frozen_sources/region_training/engine.py,11718,01c760987e003d43ba3752c8fc6b28d3bdb484e2adb7d28f9e92244a8c2478ac
frozen_sources/region_training/kaggle_entry.py,15672,f61a15a6b384bf5e96d221c427a57d59074c3f6a6b9d570cc883649812429920
frozen_sources/region_training/local_smoke.py,10991,0a696a1e7528aab075fffdfae0782d41c31d464da0fab303db56334164059ee1
frozen_sources/region_training/lock_validation.py,3060,87ea1dad9b10e4b10618689ae12a1c3d8add6fecada7aa4f02943ce07de4aa43
frozen_sources/region_training/methods.py,1402,2bb497c9a1f99e1d954f4b15ca4045dfb081275100fefa43ad546b13b78050fb
frozen_sources/region_training/runtime.py,8637,64954b9af47f85a561da2bc227dbf69b4e4332c6439eeeea2d84d3385ce8e9e1
frozen_sources/region_training/scheduler_smoke.py,4131,3e7f9ad9499a4f6759bdb8c348dcf7caa0e5a0d4bc0e6b8fbe3fe74915d6091a
frozen_sources/region_training/smoke.py,5803,b5123e1d70c087684e276a98dee04e8508a482890f1ae17f44721f0f5aaf0c1f
frozen_sources/region_training/target_preflight.py,2936,7204619b32189bed7d32d8dcc1b695ce861de39a5c2043840eb4bb70c24c031d
frozen_sources/replay/replay21.py,8813,ae145636d50ad7c794a0c1a746e742021a9acfdf43ff5c739a473a92942f6c77
frozen_sources/replay/replay24.py,5270,f9682d94c39a48bdf5a15b67e5216d9033fb803e0b733efebff421abea9c6de8
frozen_sources/s11/compute_target_quality.py,13825,469d80aa69d4043665981ff3597b0dcf5491669b28e6f9248d6c875844f9fe6c
frozen_sources/s11/consolidate_evidence.py,12394,0d7a8f1afff05f1eb5e3e2fbb351d1831547aba4e369373ac249bcd4b182ddd9
frozen_sources/vendor/cldice/LICENSE,1097,501feb9c6b3eeaab3b80f69c19915060132412780552e11e07952be18825b53d
frozen_sources/vendor/cldice/cldice.py,2403,57872404b6bc026388eb0ecee4bda4b57e9f4b3a3fbd33212c24951f4869860e
frozen_sources/vendor/cldice/soft_skeleton.py,1393,65294ece70e96fc60e8eb0369a1ae481354c1b90ef1e6ece1824608bd1c60148
frozen_sources/vendor/flat/LICENSE,1068,7a21e5e56e0f9ae3c8a0998102d13d8632734824559f0da7b3bda0d8d785a6de
frozen_sources/vendor/flat/fs_model.py,6175,5ff2983e140b4286239e3142f73e852ecb2567d18b4b3c5738e0baaf92d0a27e
provenance/ARCHIVE_INTEGRITY.json,1684,f4732e2eeeb349444292b77d4f145037adcee405d518a35f4a784c184405f72c
provenance/DOCUMENTATION_QA.json,639,01ad01c5e5166cb4801256267b3bdd067f7dde3d56f6e4ac11d7629ced5db569
provenance/EXTERNAL_INPUTS.csv,29620,3d009121909f0f6e8f285769434d0c8b08c9b30c49f5300bf1648f012c5295cc
provenance/EXTERNAL_TOOL_IDENTITIES.json,910,2876daaf7827db8b33621bcb3fdcfddac0bf0961bdd1191d3fb0892822c86ed5
provenance/FIGURE_VALIDATION.json,30425,7b6cedcc31de37a74a8eeea7a2d369e2229cb80ff025679f961610b9aaee5711
provenance/FROZEN_SOURCE_IDENTITIES.json,25905,2df9c3b394539d1a16e92013c83a4ff3718ad4937595e0f834d2fd46f0cfceae
provenance/LOCAL_VALIDATION.json,37627,a27d459d55334eee6dea5ba7b7dfffc7585f85dfd4622d1a790ab0bd00a0d2b7
provenance/MANUSCRIPT_BINDING.json,2559,87b2fac1c29c46c33b9bbc505af7bc6c9c4ef416019d8aef879e146067446105
provenance/MODEL_EVIDENCE_INDEX_24.csv,16947,ad98ae488728696f3fc689f0f1df843be792dfcd1c92c3112d4d421351ae8b4e
provenance/NORMALIZATION_VALIDATION.json,65842,b56cb4f1edd7437efca8add2b08585e891a282628a8cf61e8fc1fed39058a34b
provenance/PUBLIC_DOWNLOAD_LINKS.json,3761,4bd61210f0188eeafdc886f6e406ebc24c5b9b92869889b36e94c3f459034910
provenance/S11_TABLE_FILE_INDEX.csv,2755,cd6022e781b7f628197fbda032db017d5816393a75b1a964ffd710041c6a30ce
provenance/SOURCE_LICENSE_METADATA.json,929,2a4eca3416c0aad383f3c131a968a893c20a40b22303d353fd182e6d78ed6920
provenance/SOURCE_MAPPING.csv,40565,60bf9ded90c3c853769f5f95869fea69314138fef5dfd980bbff4c93b1ca5c88
provenance/UPLOAD_CONTENT_AUDIT.json,45714,133762380a8f1480ab25a6c04f73f5d321faf8001dc4db3abd494524b25050b5
provenance/WEIGHT_PACKAGE_VALIDATION.json,10195,9790e4d364ffa494e354b26e1c609f01e4d7561ea71ba44c91d5e8b57e0e0039
pyproject.toml,724,60a8f17aad698bb862845dbed24df3f647aa9a2a06f6700e63dce017393478f8
requirements-cpu.txt,384,4ab033181dd0e44e7f5a6f48e0a70af11766480a4ac116282a46cfc384d22e1f
requirements-gpu.txt,399,5ebebaa3791dc96f4d6a85ee70bab81ae90abfbc8f1a5809176667dd48b62793
scripts/filament.py,293,4eea18e464c99f2a22d9f1997a9ede8019120a1a7ad5f31f43ca4097b9654163
src/filament_structure/__init__.py,86,3762d606332e60a21bd624372ecc7cce7fbb498cd27fc8bf7d7f35cad290561f
src/filament_structure/analysis.py,17078,0aaba6191df73d48acecca3dfa9d67da5d088a9e52d611c7da510a3ab30d9f5c
src/filament_structure/cli.py,6097,67224be2c3a18b9133afa5a97e34a9fb2043d89876215ade86e2fb270cafbb03
src/filament_structure/data.py,3482,9a754ce6f9bde9f407d467b54a1233db3c30bb98267890f76a9d97c7daa06556
src/filament_structure/evaluation.py,9215,31e7b7b61c50505a11cfe64e870cff28db552933ababb17ec42e4f1e042781d7
src/filament_structure/frozen.py,3544,95572fe614bc2d31a095ef9fe17355d14257cdebadbc1981b234c123526f6a11
src/filament_structure/inference.py,6253,ab99d90fb4cb95fa5cbb4e992d13e1c163c6a46646e16dde40ac05637b4429aa
src/filament_structure/io.py,4633,8d01234948a9279d984f8244a86f5aea913c414dddf219584b03b56081a80ad8
src/filament_structure/models.py,2139,cad63d709a7fc7f5393e977f945226f8ca8bf2d6b1b0a8c4cd0e8ee8d25b4d71
src/filament_structure/plotting.py,8408,ca5c2806bd0816ee9976efcef6a5e2fe25a16f220f2b33e8b869bc96740a2e48
src/filament_structure/training.py,8761,2e0bf2435ed330302cae277db20fe043d7331f547d68cf86c7a56c6da1d5ef03
src/filament_structure/validation.py,9342,a716b0d403e40fc8e47aa413330f6197fc855e15cf66bbd8187507a45020c1e9
tests/test_scientific_contract.py,251,c286a1a63df5be14eda9e9a371b05f6bc1197d8275cd2bda38429771972d9e95
weights/README.md,1639,402e886dcea56ba8bce883cd9ffd27b09bb86248c431d8b74833787db0079642
