supplement_section,table,file,sha256,archive_path
S11,S18,target_quality_per_copy.csv,007a2f56117c75d26bb139e5765b295fcaea724899be24fac1cef2fc54485cc7,03_source_data/supplement_tables/target_quality_per_copy.csv
S11,S18,target_quality_per_observation.csv,4b8d83118aea5e3e902104ce46a416f1bceb3dd9a356f1b32f4aca6db5874e02,03_source_data/supplement_tables/target_quality_per_observation.csv
S11,S18,TARGET_QUALITY_SUMMARY.json,e8a1ff7316927f67d3e63cfd93734dcf3b3c951bc28fe4f53abf7af44b11c3e3,03_source_data/supplement_tables/TARGET_QUALITY_SUMMARY.json
S11,S19,target_quality_per_instance.csv,d8da844ff517256f940ef37d4ec257b1c9dea2a6e40d74c080dcc9e334fd1cf4,03_source_data/supplement_tables/target_quality_per_instance.csv
S11,S19,target_quality_per_component.csv,087ba19a14f4608e1e63e335376c374f3b077f92cf94565e8ab039c758f7be22,03_source_data/supplement_tables/target_quality_per_component.csv
S11,S19,TARGET_QUALITY_SUMMARY.json,e8a1ff7316927f67d3e63cfd93734dcf3b3c951bc28fe4f53abf7af44b11c3e3,03_source_data/supplement_tables/TARGET_QUALITY_SUMMARY.json
S11,S20,target_quality_per_component.csv,087ba19a14f4608e1e63e335376c374f3b077f92cf94565e8ab039c758f7be22,03_source_data/supplement_tables/target_quality_per_component.csv
S11,S20,target_quality_per_copy.csv,007a2f56117c75d26bb139e5765b295fcaea724899be24fac1cef2fc54485cc7,03_source_data/supplement_tables/target_quality_per_copy.csv
S11,S20,TARGET_QUALITY_SUMMARY.json,e8a1ff7316927f67d3e63cfd93734dcf3b3c951bc28fe4f53abf7af44b11c3e3,03_source_data/supplement_tables/TARGET_QUALITY_SUMMARY.json
S11,S21,qc_exclusions_with_partition.csv,1d8e996094b72966eb69697bb9076abf39116fc44b24232410c9ecf35b10b26d,03_source_data/supplement_tables/qc_exclusions_with_partition.csv
S11,S22,evaluation_denominators.csv,2cba7455af9c2d1ce5153ddcc1b1aeb65facabc36a058353c0d56cc3af53c988,03_source_data/supplement_tables/evaluation_denominators.csv
S11,S23,temporal_group_inventory.csv,9e3b8e1c0b566695458f8a879e9ed9fb45a4feca2743e42639bdb00a61291eaf,03_source_data/supplement_tables/temporal_group_inventory.csv
S11,S24,temporal_sensitivity_focus.csv,5d0dce5db2a23b1aa7c6223b6658e89883c77ab049ee6efb2d7316b8faf106d5,03_source_data/supplement_tables/temporal_sensitivity_focus.csv
S11,S24,temporal_sensitivity_all_endpoints.csv,fff35490c76a984cd731c63463b86a39af3c655a94a9c5240770b112a1d9b104,03_source_data/supplement_tables/temporal_sensitivity_all_endpoints.csv
S11,S25,temporal_sensitivity_focus.csv,5d0dce5db2a23b1aa7c6223b6658e89883c77ab049ee6efb2d7316b8faf106d5,03_source_data/supplement_tables/temporal_sensitivity_focus.csv
S11,S25,temporal_sensitivity_all_endpoints.csv,fff35490c76a984cd731c63463b86a39af3c655a94a9c5240770b112a1d9b104,03_source_data/supplement_tables/temporal_sensitivity_all_endpoints.csv
