original_relative_path,original_sha256,release_path,modified,scientific_module,identity_basis,redistribution
canonical_source/LOCAL_IMPLEMENTATION/.gitignore,,.gitignore,true,release_configuration_and_provenance,new_interface_configuration_or_documentation; scientific sources mapped separately,author_requested_local_preparation
canonical_source/LOCAL_IMPLEMENTATION/CITATION.cff,,CITATION.cff,true,reproduction_documentation,new_interface_configuration_or_documentation; scientific sources mapped separately,author_requested_local_preparation
canonical_source/LOCAL_IMPLEMENTATION/LICENSE,,LICENSE,true,release_configuration_and_provenance,new_interface_configuration_or_documentation; scientific sources mapped separately,author_requested_local_preparation
canonical_source/LOCAL_IMPLEMENTATION/README.md,,README.md,true,reproduction_documentation,new_interface_configuration_or_documentation; scientific sources mapped separately,author_requested_local_preparation
canonical_source/LOCAL_IMPLEMENTATION/THIRD_PARTY_NOTICES.md,,THIRD_PARTY_NOTICES.md,true,reproduction_documentation,new_interface_configuration_or_documentation; scientific sources mapped separately,author_requested_local_preparation
canonical_source/LOCAL_IMPLEMENTATION/TREE.txt,,TREE.txt,true,reproduction_documentation,new_interface_configuration_or_documentation; scientific sources mapped separately,author_requested_local_preparation
canonical_source/LOCAL_IMPLEMENTATION/analysis/README.md,,analysis/README.md,true,reproduction_documentation,new_interface_configuration_or_documentation; scientific sources mapped separately,author_requested_local_preparation
canonical_source/LOCAL_IMPLEMENTATION/configs/paper24/models.json,,configs/paper24/models.json,true,release_configuration_and_provenance,new_interface_configuration_or_documentation; scientific sources mapped separately,author_requested_local_preparation
canonical_source/LOCAL_IMPLEMENTATION/configs/paper24/paths.example.json,,configs/paper24/paths.example.json,true,release_configuration_and_provenance,new_interface_configuration_or_documentation; scientific sources mapped separately,author_requested_local_preparation
canonical_source/project/submission_final_20261005/review_package/02_evidence/original21/payload/project/mechanism_training/protocol.json,67997b3ea7ba957d20a0f3fbd0fec6a4083f53a03179fe6575ec53f1716f9be7,configs/paper24/protocol.json,true,fixed_training_design,original_SHA_retained; canonical_path_display_or_execution_lock_adaptation,author_requested_code
canonical_source/LOCAL_IMPLEMENTATION/configs/paper24/reproduction.json,,configs/paper24/reproduction.json,true,release_configuration_and_provenance,new_interface_configuration_or_documentation; scientific sources mapped separately,author_requested_local_preparation
canonical_source/LOCAL_IMPLEMENTATION/data/README.md,,data/README.md,true,reproduction_documentation,new_interface_configuration_or_documentation; scientific sources mapped separately,author_requested_local_preparation
canonical_source/LOCAL_IMPLEMENTATION/docs/ADAPTATIONS.md,,docs/ADAPTATIONS.md,true,reproduction_documentation,new_interface_configuration_or_documentation; scientific sources mapped separately,author_requested_local_preparation
canonical_source/LOCAL_IMPLEMENTATION/docs/CITATION.md,,docs/CITATION.md,true,reproduction_documentation,new_interface_configuration_or_documentation; scientific sources mapped separately,author_requested_local_preparation
canonical_source/LOCAL_IMPLEMENTATION/docs/CODE_AVAILABILITY.md,,docs/CODE_AVAILABILITY.md,true,reproduction_documentation,new_interface_configuration_or_documentation; scientific sources mapped separately,author_requested_local_preparation
canonical_source/LOCAL_IMPLEMENTATION/docs/COMMANDS.md,,docs/COMMANDS.md,true,reproduction_documentation,new_interface_configuration_or_documentation; scientific sources mapped separately,author_requested_local_preparation
canonical_source/LOCAL_IMPLEMENTATION/docs/INPUTS.md,,docs/INPUTS.md,true,reproduction_documentation,new_interface_configuration_or_documentation; scientific sources mapped separately,author_requested_local_preparation
canonical_source/LOCAL_IMPLEMENTATION/docs/INSTALLATION.md,,docs/INSTALLATION.md,true,reproduction_documentation,new_interface_configuration_or_documentation; scientific sources mapped separately,author_requested_local_preparation
canonical_source/LOCAL_IMPLEMENTATION/docs/MODULES.md,,docs/MODULES.md,true,reproduction_documentation,new_interface_configuration_or_documentation; scientific sources mapped separately,author_requested_local_preparation
canonical_source/LOCAL_IMPLEMENTATION/docs/OUTPUTS.md,,docs/OUTPUTS.md,true,reproduction_documentation,new_interface_configuration_or_documentation; scientific sources mapped separately,author_requested_local_preparation
canonical_source/LOCAL_IMPLEMENTATION/docs/REPRODUCTION.md,,docs/REPRODUCTION.md,true,reproduction_documentation,new_interface_configuration_or_documentation; scientific sources mapped separately,author_requested_local_preparation
canonical_source/LOCAL_IMPLEMENTATION/docs/SCIENTIFIC_PROTOCOL.md,,docs/SCIENTIFIC_PROTOCOL.md,true,reproduction_documentation,new_interface_configuration_or_documentation; scientific sources mapped separately,author_requested_local_preparation
canonical_source/LOCAL_IMPLEMENTATION/docs/TRAINING.md,,docs/TRAINING.md,true,reproduction_documentation,new_interface_configuration_or_documentation; scientific sources mapped separately,author_requested_local_preparation
canonical_source/LOCAL_IMPLEMENTATION/docs/VALIDATION.md,,docs/VALIDATION.md,true,reproduction_documentation,new_interface_configuration_or_documentation; scientific sources mapped separately,author_requested_local_preparation
canonical_source/LOCAL_IMPLEMENTATION/examples/synthetic_axis.py,,examples/synthetic_axis.py,true,synthetic_scientific_checks,new_interface_configuration_or_documentation; scientific sources mapped separately,author_requested_local_preparation
canonical_source/project/submission_final_20261005/review_package/02_evidence/original21/payload/project/strong_baseline_final_analysis_20261001/audit_and_analyze.py,326f33c2bff317ef9bfdf5a8a4600787332920b0a063f3bddce8473e07cde961,frozen_sources/analysis/audit_and_analyze.py,true,original21_segmentation_statistics,original_SHA_retained; canonical_path_display_or_execution_lock_adaptation,author_requested_code
canonical_source/project/scripts/evaluate_mechanism_branches.py,4a6a452fcc1980639906e2fa38970f84cf4d170b58a1b1e4ee9530c22a4e5f88,frozen_sources/analysis/evaluate_mechanism_branches.py,true,training_grid_component_diagnostic,original_SHA_retained; canonical_path_display_or_execution_lock_adaptation,author_requested_code
canonical_source/project/submission_final_20261005/review_package/02_evidence/region/workspace/project/region_clDice_path_fix_20261004/postprocess_results.py,ec69535496bdb5904b0b0d2cf36a0f5d79c19d8aa3ed63bf890af5b2efc1e041,frozen_sources/analysis/region_postprocess.py,true,region_bootstrap_common_success,original_SHA_retained; canonical_path_display_or_execution_lock_adaptation,author_requested_code
canonical_source/project/scripts/summarize_mechanism_test.py,39c5e79beeeeea539f3692cff4e16bf5ad478322df1338f315fa46cb97189306,frozen_sources/analysis/summarize_mechanism_test.py,true,original15_statistics,original_SHA_retained; canonical_path_display_or_execution_lock_adaptation,author_requested_code
canonical_source/project/submission_final_20261005/review_package/02_evidence/original21/payload/project/morphology_application_execution_20261001/application_statistics.py,89a9c1d287cda9c5862a3ffdbb9364750af8a8399fc492e3e2e943ab968e94bc,frozen_sources/application/application_statistics.py,true,hierarchical_application_statistics,original_SHA_retained; canonical_path_display_or_execution_lock_adaptation,author_requested_code
canonical_source/project/submission_final_20261005/review_package/02_evidence/original21/payload/project/morphology_application_execution_20261001/frozen_bootstrap.py,479205fe84e8ab421edd3a85dca0104a63b42aa07ca2f57e54c52a8725aebbf6,frozen_sources/application/frozen_bootstrap.py,false,hierarchical_application_statistics,FROZEN_MEMBER_INDEX,author_requested_code
canonical_source/project/submission_final_20261005/review_package/02_evidence/original21/payload/project/morphology_application_execution_20261001/mask_acceptance.py,0aa1a26af36687ada3260fa071f4bbe70d0d69d71b14d11d3c81bf35117db3aa,frozen_sources/application/mask_acceptance.py,false,hierarchical_application_statistics,FROZEN_MEMBER_INDEX,author_requested_code
canonical_source/project/submission_final_20261005/review_package/02_evidence/original21/payload/project/morphology_application_execution_20261001/run_application.py,f0c3adc9f072939aa669cc7a46467af5515ca3e74038c447b21d967ff1412bc8,frozen_sources/application/run_application.py,true,hierarchical_application_statistics,original_SHA_retained; canonical_path_display_or_execution_lock_adaptation,author_requested_code
canonical_source/project/submission_final_20261005/review_package/02_evidence/original21/payload/project/manuscript_revision_20261001/morphology_application/axis_evaluator.py,c362d6dd7b7801493a805d846e20a04dd41a351896deee2e007f10f2dc4e442d,frozen_sources/axis/axis_evaluator.py,false,axis_extraction_matching,FROZEN_MEMBER_INDEX,author_requested_code
canonical_source/project/submission_final_20261005/review_package/02_evidence/original21/payload/project/manuscript_revision_20261001/morphology_application/prepare_reference.py,44708b4e0685755ba4eb063ce7bbcf4c64ea213681e795324cf19cd153df109b,frozen_sources/axis/prepare_reference.py,true,reference_audit,original_SHA_retained; canonical_path_display_or_execution_lock_adaptation,author_requested_code
canonical_source/project/submission_final_20261005/review_package/02_evidence/original21/payload/project/strong_baseline_six_execution/CODE_LOCK.json,97d7a93cbd59d79ab862d6ee20d4e0fdfe69c5958cf1beb3e800e11a405f3f63,frozen_sources/baselines/CODE_LOCK.json,false,baseline_identity,FROZEN_MEMBER_INDEX,author_requested_code
canonical_source/project/submission_final_20261005/review_package/02_evidence/original21/payload/project/strong_baseline_six_execution/FROZEN_DESIGN.json,84aca6596062b9214accd524f090e121228280ccd1fbf72789678b863916fd88,frozen_sources/baselines/FROZEN_DESIGN.json,true,baseline_identity,original_SHA_retained; canonical_path_display_or_execution_lock_adaptation,author_requested_code
canonical_source/project/submission_final_20261005/review_package/02_evidence/original21/payload/project/strong_baseline_six_execution/INITIAL_DIGESTS.json,84e5903c0de14cd437492f244ce4b0b524a3cddd352d724a0c5a873bb2a0ac6a,frozen_sources/baselines/INITIAL_DIGESTS.json,false,baseline_identity,FROZEN_MEMBER_INDEX,author_requested_code
canonical_source/project/submission_final_20261005/review_package/02_evidence/original21/payload/project/strong_baseline_six_execution/SOURCE_PROVENANCE.json,87772b2e6f0bd2d10113b87aaa57fcffee9f1f578b3242a36fabbf3036aa2d15,frozen_sources/baselines/SOURCE_PROVENANCE.json,true,baseline_identity,original_SHA_retained; canonical_path_display_or_execution_lock_adaptation,author_requested_code
canonical_source/project/submission_final_20261005/review_package/02_evidence/original21/payload/project/strong_baseline_six_execution/data.py,060517993b1cc52b145facba944fdd0290df90ff190d68b9249b518e473daccc,frozen_sources/baselines/data.py,false,flat_softcldice_training,FROZEN_MEMBER_INDEX,author_requested_code
canonical_source/project/submission_final_20261005/review_package/02_evidence/original21/payload/project/strong_baseline_six_execution/engine.py,7031202122a65a1b291eda12d3296013a9c194db9a16d564446af7e0c279db0c,frozen_sources/baselines/engine.py,false,flat_softcldice_training,FROZEN_MEMBER_INDEX,author_requested_code
canonical_source/project/submission_final_20261005/review_package/02_evidence/original21/payload/project/strong_baseline_six_execution/engineering_tests.py,c363e0fe1bbe0ee35f86f28742534f70cc3fc6f4c9000ae072b92c259851b065,frozen_sources/baselines/engineering_tests.py,false,flat_softcldice_training,FROZEN_MEMBER_INDEX,author_requested_code
canonical_source/project/submission_final_20261005/review_package/02_evidence/original21/payload/project/strong_baseline_six_execution/kaggle_entry.py,9188bab6f77d02147a2fd564f3518775c910ed6d0f89caff2cc3889dc5647bfb,frozen_sources/baselines/kaggle_entry.py,false,flat_softcldice_training,FROZEN_MEMBER_INDEX,author_requested_code
canonical_source/project/submission_final_20261005/review_package/02_evidence/original21/payload/project/strong_baseline_six_execution/methods.py,f593d08018c10b9eea80da8b96c2dd6e15be06b0e197e0d2356092d3c3b16e70,frozen_sources/baselines/methods.py,false,flat_softcldice_training,FROZEN_MEMBER_INDEX,author_requested_code
canonical_source/project/submission_final_20261005/review_package/02_evidence/original21/payload/project/strong_baseline_six_execution/release.py,9145e5a2ab703c2818405ce1b2806857cabadfd0e224c7d2b1ac169750f075a0,frozen_sources/baselines/release.py,false,flat_softcldice_training,FROZEN_MEMBER_INDEX,author_requested_code
canonical_source/project/submission_final_20261005/review_package/02_evidence/original21/payload/project/strong_baseline_six_execution/runtime.py,6d7672a8bea04750a3bf37f0a2ab5ce0d25a10dd6395037ea10c5055f9dd7cd3,frozen_sources/baselines/runtime.py,false,flat_softcldice_training,FROZEN_MEMBER_INDEX,author_requested_code
canonical_source/project/submission_final_20261005/review_package/02_evidence/original21/payload/project/strong_baseline_six_execution/smoke.py,327404666c79e068e2caf57040cdf2646bf3f3ba33e592d3bab0d7a443092331,frozen_sources/baselines/smoke.py,false,flat_softcldice_training,FROZEN_MEMBER_INDEX,author_requested_code
canonical_source/project/submission_final_20261005/review_package/02_evidence/original21/payload/project/strong_baseline_six_execution/target_preflight.py,0ed37f6c7ccc7e82331c726da97449105708b2c77ac4b1fd4755e6b82b7968ad,frozen_sources/baselines/target_preflight.py,false,flat_softcldice_training,FROZEN_MEMBER_INDEX,author_requested_code
canonical_source/project/resolution_20261002/application_calibration/ANALYSIS_CODE_LOCK.json,85153b26729149cad063436f421bde2a5595b2f95882b24ac30ae704eefa1d9a,frozen_sources/diagnostics/ANALYSIS_CODE_LOCK.json,true,diagnostic_identity,original_SHA_retained; canonical_path_display_or_execution_lock_adaptation,author_requested_code
canonical_source/project/resolution_20261002/application_calibration/ANALYSIS_FREEZE.json,97594624a81465621d339387851490372d0fabf9968295faf874d58cdbbe62de,frozen_sources/diagnostics/ANALYSIS_FREEZE.json,true,diagnostic_identity,original_SHA_retained; canonical_path_display_or_execution_lock_adaptation,author_requested_code
canonical_source/project/resolution_20261002/application_calibration/analyze_calibration.py,83126e669bc0fa7634e7d5bceeb7f1f22d64ab0e88b980a55c0ab1f26a79fab3,frozen_sources/diagnostics/analyze_calibration.py,true,reference_masks_copy_pairs_yield_lengths_cases,original_SHA_retained; canonical_path_display_or_execution_lock_adaptation,author_requested_code
canonical_source/project/resolution_20261002/application_calibration/portable_adapter.py,87edb66fe64bcde0cae089c3928592a840fdf437bc159482aa9ac18a48448329,frozen_sources/diagnostics/portable_adapter.py,false,diagnostic_path_adapter,local_source_with_separate_lock,author_requested_code
canonical_source/project/submission_final_20261005/review_package/02_evidence/original21/payload/project/morphology_application_execution_20261002/build_application_figures.py,47b1a36480c608c25331b1d69b514df86790208d6ea891e086337669b4896b4c,frozen_sources/figures/build_application_figures.py,true,paper_figures_application,original_SHA_retained; canonical_path_display_or_execution_lock_adaptation,author_requested_code
canonical_source/project/resolution_20261002/manuscript/build_morphology_figure.py,7aafc6cc7765982684a9411a45a46d69671a0f490e6c85e50d7fe75f1067631b,frozen_sources/figures/build_morphology_figure.py,true,case_selection_and_crops,original_SHA_retained; canonical_path_display_or_execution_lock_adaptation,author_requested_code
canonical_source/project/submission_final_20261005/review_package/02_evidence/original21/payload/project/manuscript_revision_20261002/build_figures_20261001_FROZEN.py,2d33b90e4999523aceed52fa2203bdc82ada3265d28bd7c9619e06d1be939523,frozen_sources/figures/build_segmentation_figures.py,true,paper_figures_segmentation,original_SHA_retained; canonical_path_display_or_execution_lock_adaptation,author_requested_code
canonical_source/project/submission_final_20261005/revise_figure_labels_v5.py,0a79868b007455d409b391e442e275650ba486f82f65c8a0ceb45a82e9d9afe6,frozen_sources/figures/display_labels.py,true,current_manuscript_display_only,original_SHA_retained; canonical_path_display_or_execution_lock_adaptation,author_requested_code
canonical_source/project/submission_final_20261005/review_package/02_evidence/region/workspace/project/region_clDice_analysis_20261004/plot_control.py,449f5c187311330d068aa1fbc5475c15235b057715dc576929dc36da77a8d875,frozen_sources/figures/plot_control.py,true,paper_figure7,original_SHA_retained; canonical_path_display_or_execution_lock_adaptation,author_requested_code
canonical_source/project/submission_final_20261005/review_package/02_evidence/original21/payload/project/mechanism_training/annotation_helpers.py,2ce99834cdc473790c65c03df1070e03bb83d8d34c5465559fc025ccd3b50ae2,frozen_sources/mechanism/annotation_helpers.py,false,data_targets_training_losses,FROZEN_MEMBER_INDEX,author_requested_code
canonical_source/project/submission_final_20261005/review_package/02_evidence/original21/payload/project/mechanism_training/branch_reference.py,e40458ceaa0def27fc8f3c253e69498f2cdb05937afad960047234b6f900215a,frozen_sources/mechanism/branch_reference.py,false,data_targets_training_losses,FROZEN_MEMBER_INDEX,author_requested_code
canonical_source/project/submission_final_20261005/review_package/02_evidence/original21/payload/project/mechanism_training/data_pipeline.py,c588ccc2f512d05a16259d2880562c84a75d56aeb4cb5364d0c6b8c222d7e583,frozen_sources/mechanism/data_pipeline.py,false,data_targets_training_losses,FROZEN_MEMBER_INDEX,author_requested_code
canonical_source/project/submission_final_20261005/review_package/02_evidence/original21/payload/project/mechanism_training/frozen_evaluator.py,5afa46ee214713311d59f1c50d5d71da772886bbd8bc428c6ab2f913888d6659,frozen_sources/mechanism/frozen_evaluator.py,false,data_targets_training_losses,FROZEN_MEMBER_INDEX,author_requested_code
canonical_source/project/submission_final_20261005/review_package/02_evidence/original21/payload/project/mechanism_training/historical_losses.py,1ecb599afde7f7f14e2c7e5c4627b9ee72c8294f64eab8eab1f8ce4b444f0945,frozen_sources/mechanism/historical_losses.py,false,data_targets_training_losses,FROZEN_MEMBER_INDEX,author_requested_code
canonical_source/project/submission_final_20261005/review_package/02_evidence/original21/payload/project/mechanism_training/objectives.py,abe21f38c94c68b5aac798d054a6024e7a5a989e098b7c6a4413b1135239f961,frozen_sources/mechanism/objectives.py,false,data_targets_training_losses,FROZEN_MEMBER_INDEX,author_requested_code
canonical_source/project/submission_final_20261005/review_package/02_evidence/original21/payload/project/mechanism_training/run_suite.py,9808b46d01a3335d09edafd839edfdf9c3b3ea473ea6130b3d60b7d985ee37fc,frozen_sources/mechanism/run_suite.py,false,data_targets_training_losses,FROZEN_MEMBER_INDEX,author_requested_code
canonical_source/project/submission_final_20261005/review_package/02_evidence/original21/payload/project/mechanism_training/threshold_curve.py,9f7e3c477e3fba2f9754526cc19ebd65d15e8bc285731bd131ea6eaa71ced97d,frozen_sources/mechanism/threshold_curve.py,false,data_targets_training_losses,FROZEN_MEMBER_INDEX,author_requested_code
canonical_source/project/submission_final_20261005/review_package/02_evidence/original21/payload/project/mechanism_training/trainer.py,bbdcda86cd2482704ed07a6a2f2aedc6155dd5e6eab6728bb29bf9d2e5de3cee,frozen_sources/mechanism/trainer.py,false,data_targets_training_losses,FROZEN_MEMBER_INDEX,author_requested_code
canonical_source/project/submission_final_20261005/review_package/02_evidence/original21/payload/project/mechanism_training/unet.py,6e6702d7ed3cac6f442b8240661287288821412a455d3831d2eafc2731c5860b,frozen_sources/mechanism/unet.py,false,data_targets_training_losses,FROZEN_MEMBER_INDEX,author_requested_code
canonical_source/project/submission_final_20261005/review_package/02_evidence/original21/payload/project/mechanism_training/validation_export.py,d6980030528bcc636bdb906ec57a642fa6c2fee79839a86d5ca3e5f3bdbbcc0f,frozen_sources/mechanism/validation_export.py,false,data_targets_training_losses,FROZEN_MEMBER_INDEX,author_requested_code
canonical_source/project/submission_final_20261005/review_package/02_evidence/region/workspace/project/region_clDice_path_fix_20261004/evaluation_package/training_code/CODE_LOCK.json,212613c786018c3a297f1f950e30b76ee10cb4186dbe7f996248d7f9bd2e954d,frozen_sources/region_training/CODE_LOCK.json,false,region_training_identity,FROZEN_MEMBER_INDEX,author_requested_code
canonical_source/project/submission_final_20261005/review_package/02_evidence/region/workspace/project/region_clDice_path_fix_20261004/evaluation_package/training_code/FROZEN_DESIGN.json,cd34ca16aa292c65e4be8fea4f64a8a1be22616ac2c875c309032ea931140150,frozen_sources/region_training/FROZEN_DESIGN.json,true,region_training_identity,original_SHA_retained; canonical_path_display_or_execution_lock_adaptation,author_requested_code
canonical_source/project/submission_final_20261005/review_package/02_evidence/region/workspace/project/region_clDice_path_fix_20261004/evaluation_package/training_code/INITIAL_DIGESTS.json,84e5903c0de14cd437492f244ce4b0b524a3cddd352d724a0c5a873bb2a0ac6a,frozen_sources/region_training/INITIAL_DIGESTS.json,false,region_training_identity,FROZEN_MEMBER_INDEX,author_requested_code
canonical_source/project/submission_final_20261005/review_package/02_evidence/region/workspace/project/region_clDice_path_fix_20261004/evaluation_package/training_code/RUNTIME_SPEC.json,c23d12be430aac3568a2192350d3f321bcb01c522541bf0caf2855554b72d37a,frozen_sources/region_training/RUNTIME_SPEC.json,false,region_training_identity,FROZEN_MEMBER_INDEX,author_requested_code
canonical_source/project/submission_final_20261005/review_package/02_evidence/region/workspace/project/region_clDice_path_fix_20261004/evaluation_package/training_code/bootstrap_runtime.py,be71513c4452f272eb49e7313a69f749ea66d3b6f84cf9d3aa7a3c10f498653c,frozen_sources/region_training/bootstrap_runtime.py,true,region_cldice_ddp_training,original_SHA_retained; canonical_path_display_or_execution_lock_adaptation,author_requested_code
canonical_source/project/submission_final_20261005/review_package/02_evidence/region/workspace/project/region_clDice_path_fix_20261004/evaluation_package/training_code/cpu_ddp_smoke.py,b9eda11a2effa7486bb7b32b90c5b97cf7873731e3712a20038f8c9ea356d678,frozen_sources/region_training/cpu_ddp_smoke.py,false,region_cldice_ddp_training,FROZEN_MEMBER_INDEX,author_requested_code
canonical_source/project/submission_final_20261005/review_package/02_evidence/region/workspace/project/region_clDice_path_fix_20261004/evaluation_package/training_code/data.py,060517993b1cc52b145facba944fdd0290df90ff190d68b9249b518e473daccc,frozen_sources/region_training/data.py,false,region_cldice_ddp_training,FROZEN_MEMBER_INDEX,author_requested_code
canonical_source/project/submission_final_20261005/review_package/02_evidence/region/workspace/project/region_clDice_path_fix_20261004/evaluation_package/training_code/ddp_engine.py,68417c9fec4dd547e455ceffbe65831daf31398a1624bac9c926814ccc93498f,frozen_sources/region_training/ddp_engine.py,false,region_cldice_ddp_training,FROZEN_MEMBER_INDEX,author_requested_code
canonical_source/project/submission_final_20261005/review_package/02_evidence/region/workspace/project/region_clDice_path_fix_20261004/evaluation_package/training_code/ddp_parity.py,9206f003e1aea59f3711f496408f04fd39d1d55deb7b1d4f6924b5333feff794,frozen_sources/region_training/ddp_parity.py,false,region_cldice_ddp_training,FROZEN_MEMBER_INDEX,author_requested_code
canonical_source/project/submission_final_20261005/review_package/02_evidence/region/workspace/project/region_clDice_path_fix_20261004/evaluation_package/training_code/ddp_smoke.py,792c7e5b43608516848359bf335257613dcb3ade11c4babbe819fdc30579279c,frozen_sources/region_training/ddp_smoke.py,false,region_cldice_ddp_training,FROZEN_MEMBER_INDEX,author_requested_code
canonical_source/project/submission_final_20261005/review_package/02_evidence/region/workspace/project/region_clDice_path_fix_20261004/evaluation_package/training_code/distributed_math.py,59f033cad8d1898a23553367dffecefa545d4a8e6c615393c1d8343dcb83844a,frozen_sources/region_training/distributed_math.py,false,region_cldice_ddp_training,FROZEN_MEMBER_INDEX,author_requested_code
canonical_source/project/submission_final_20261005/review_package/02_evidence/region/workspace/project/region_clDice_path_fix_20261004/evaluation_package/training_code/engine.py,01c760987e003d43ba3752c8fc6b28d3bdb484e2adb7d28f9e92244a8c2478ac,frozen_sources/region_training/engine.py,false,region_cldice_ddp_training,FROZEN_MEMBER_INDEX,author_requested_code
canonical_source/project/submission_final_20261005/review_package/02_evidence/region/workspace/project/region_clDice_path_fix_20261004/evaluation_package/training_code/kaggle_entry.py,58cdd6a0ca9042e14cc26b758f5f65141ed01a22838019d85ae31bc8a30eefc1,frozen_sources/region_training/kaggle_entry.py,true,region_cldice_ddp_training,original_SHA_retained; canonical_path_display_or_execution_lock_adaptation,author_requested_code
canonical_source/project/submission_final_20261005/review_package/02_evidence/region/workspace/project/region_clDice_path_fix_20261004/evaluation_package/training_code/local_smoke.py,0a696a1e7528aab075fffdfae0782d41c31d464da0fab303db56334164059ee1,frozen_sources/region_training/local_smoke.py,false,region_cldice_ddp_training,FROZEN_MEMBER_INDEX,author_requested_code
canonical_source/project/submission_final_20261005/review_package/02_evidence/region/workspace/project/region_clDice_path_fix_20261004/evaluation_package/training_code/lock_validation.py,87ea1dad9b10e4b10618689ae12a1c3d8add6fecada7aa4f02943ce07de4aa43,frozen_sources/region_training/lock_validation.py,false,region_cldice_ddp_training,FROZEN_MEMBER_INDEX,author_requested_code
canonical_source/project/submission_final_20261005/review_package/02_evidence/region/workspace/project/region_clDice_path_fix_20261004/evaluation_package/training_code/methods.py,2bb497c9a1f99e1d954f4b15ca4045dfb081275100fefa43ad546b13b78050fb,frozen_sources/region_training/methods.py,false,region_cldice_ddp_training,FROZEN_MEMBER_INDEX,author_requested_code
canonical_source/project/submission_final_20261005/review_package/02_evidence/region/workspace/project/region_clDice_path_fix_20261004/evaluation_package/training_code/runtime.py,64954b9af47f85a561da2bc227dbf69b4e4332c6439eeeea2d84d3385ce8e9e1,frozen_sources/region_training/runtime.py,false,region_cldice_ddp_training,FROZEN_MEMBER_INDEX,author_requested_code
canonical_source/project/submission_final_20261005/review_package/02_evidence/region/workspace/project/region_clDice_path_fix_20261004/evaluation_package/training_code/scheduler_smoke.py,3e7f9ad9499a4f6759bdb8c348dcf7caa0e5a0d4bc0e6b8fbe3fe74915d6091a,frozen_sources/region_training/scheduler_smoke.py,false,region_cldice_ddp_training,FROZEN_MEMBER_INDEX,author_requested_code
canonical_source/project/submission_final_20261005/review_package/02_evidence/region/workspace/project/region_clDice_path_fix_20261004/evaluation_package/training_code/smoke.py,b5123e1d70c087684e276a98dee04e8508a482890f1ae17f44721f0f5aaf0c1f,frozen_sources/region_training/smoke.py,false,region_cldice_ddp_training,FROZEN_MEMBER_INDEX,author_requested_code
canonical_source/project/submission_final_20261005/review_package/02_evidence/region/workspace/project/region_clDice_path_fix_20261004/evaluation_package/training_code/target_preflight.py,7204619b32189bed7d32d8dcc1b695ce861de39a5c2043840eb4bb70c24c031d,frozen_sources/region_training/target_preflight.py,false,region_cldice_ddp_training,FROZEN_MEMBER_INDEX,author_requested_code
canonical_source/project/submission_final_20261005/review_package/02_evidence/original21/replay_standard_library.py,dbe7466fcbe8052130ff6762f2e9add33be0dc139fa6f7573a3721c0f16758e7,frozen_sources/replay/replay21.py,true,original21_descriptive_replay,original_SHA_retained; canonical_path_display_or_execution_lock_adaptation,author_requested_code
canonical_source/project/submission_final_20261005/review_package/02_evidence/region/workspace/project/region_clDice_analysis_20261004/replay_summary.py,28e336ead509277fff050e4ab9385b1fe6a5cf2c8d6205667aaa7cd4eeda2941,frozen_sources/replay/replay24.py,true,paper24_descriptive_replay,original_SHA_retained; canonical_path_display_or_execution_lock_adaptation,author_requested_code
canonical_source/project/submission_final_20261005/review_package/03_source_data/target_census_code/compute_target_quality.py,989e4da4a0f9615b628865d038f060d4d9b85c0f6ecceb6b28931d888041f169,frozen_sources/s11/compute_target_quality.py,true,target_census_and_denominators,original_SHA_retained; canonical_path_display_or_execution_lock_adaptation,author_requested_code
canonical_source/project/submission_final_20261005/review_package/03_source_data/target_census_code/consolidate_evidence.py,279738bfd1b98ee45e18776fea3eec41335b5d958a08d873e0baeb7191b6cea5,frozen_sources/s11/consolidate_evidence.py,true,target_census_and_denominators,original_SHA_retained; canonical_path_display_or_execution_lock_adaptation,author_requested_code
canonical_source/project/submission_final_20261005/review_package/02_evidence/original21/payload/project/strong_baseline_six_execution/vendor/cldice/LICENSE,501feb9c6b3eeaab3b80f69c19915060132412780552e11e07952be18825b53d,frozen_sources/vendor/cldice/LICENSE,false,third_party_cldice,FROZEN_MEMBER_INDEX,upstream_MIT
canonical_source/project/submission_final_20261005/review_package/02_evidence/original21/payload/project/strong_baseline_six_execution/vendor/cldice/cldice.py,57872404b6bc026388eb0ecee4bda4b57e9f4b3a3fbd33212c24951f4869860e,frozen_sources/vendor/cldice/cldice.py,false,third_party_cldice,FROZEN_MEMBER_INDEX,author_requested_code
canonical_source/project/submission_final_20261005/review_package/02_evidence/original21/payload/project/strong_baseline_six_execution/vendor/cldice/soft_skeleton.py,65294ece70e96fc60e8eb0369a1ae481354c1b90ef1e6ece1824608bd1c60148,frozen_sources/vendor/cldice/soft_skeleton.py,false,third_party_cldice,FROZEN_MEMBER_INDEX,author_requested_code
canonical_source/project/submission_final_20261005/review_package/02_evidence/original21/payload/project/strong_baseline_six_execution/vendor/flat/LICENSE,7a21e5e56e0f9ae3c8a0998102d13d8632734824559f0da7b3bda0d8d785a6de,frozen_sources/vendor/flat/LICENSE,false,third_party_flat,FROZEN_MEMBER_INDEX,upstream_MIT
canonical_source/project/submission_final_20261005/review_package/02_evidence/original21/payload/project/strong_baseline_six_execution/vendor/flat/fs_model.py,5ff2983e140b4286239e3142f73e852ecb2567d18b4b3c5738e0baaf92d0a27e,frozen_sources/vendor/flat/fs_model.py,false,third_party_flat,FROZEN_MEMBER_INDEX,author_requested_code
canonical_source/LOCAL_IMPLEMENTATION/provenance/ARCHIVE_INTEGRITY.json,,provenance/ARCHIVE_INTEGRITY.json,true,release_configuration_and_provenance,new_interface_configuration_or_documentation; scientific sources mapped separately,author_requested_local_preparation
canonical_source/LOCAL_IMPLEMENTATION/provenance/DOCUMENTATION_QA.json,,provenance/DOCUMENTATION_QA.json,true,release_configuration_and_provenance,new_interface_configuration_or_documentation; scientific sources mapped separately,author_requested_local_preparation
canonical_source/LOCAL_IMPLEMENTATION/provenance/EXTERNAL_INPUTS.csv,,provenance/EXTERNAL_INPUTS.csv,true,release_configuration_and_provenance,new_interface_configuration_or_documentation; scientific sources mapped separately,author_requested_local_preparation
canonical_source/LOCAL_IMPLEMENTATION/provenance/EXTERNAL_TOOL_IDENTITIES.json,,provenance/EXTERNAL_TOOL_IDENTITIES.json,true,release_configuration_and_provenance,new_interface_configuration_or_documentation; scientific sources mapped separately,author_requested_local_preparation
canonical_source/LOCAL_IMPLEMENTATION/provenance/FIGURE_VALIDATION.json,,provenance/FIGURE_VALIDATION.json,true,release_configuration_and_provenance,new_interface_configuration_or_documentation; scientific sources mapped separately,author_requested_local_preparation
canonical_source/LOCAL_IMPLEMENTATION/provenance/FROZEN_SOURCE_IDENTITIES.json,,provenance/FROZEN_SOURCE_IDENTITIES.json,true,release_configuration_and_provenance,new_interface_configuration_or_documentation; scientific sources mapped separately,author_requested_local_preparation
canonical_source/LOCAL_IMPLEMENTATION/provenance/LOCAL_VALIDATION.json,,provenance/LOCAL_VALIDATION.json,true,release_configuration_and_provenance,new_interface_configuration_or_documentation; scientific sources mapped separately,author_requested_local_preparation
canonical_source/LOCAL_IMPLEMENTATION/provenance/MANUSCRIPT_BINDING.json,,provenance/MANUSCRIPT_BINDING.json,true,release_configuration_and_provenance,new_interface_configuration_or_documentation; scientific sources mapped separately,author_requested_local_preparation
canonical_source/project/submission_final_20261005/MODEL_EVIDENCE_INDEX_24.csv,3ec0c35bd8cf8ae34c8f3b899d74a5ab952bc49ac9522d6ac47fae10628a66a1,provenance/MODEL_EVIDENCE_INDEX_24.csv,true,weights_threshold_mapping,original_SHA_retained; canonical_path_display_or_execution_lock_adaptation,author_requested_configuration
LOCAL_IMPLEMENTATION/provenance/NORMALIZATION_VALIDATION.json,,provenance/NORMALIZATION_VALIDATION.json,true,release_configuration_and_provenance,new_interface_configuration_or_documentation; scientific sources mapped separately,author_requested_local_preparation
canonical_source/LOCAL_IMPLEMENTATION/provenance/PUBLIC_DOWNLOAD_LINKS.json,,provenance/PUBLIC_DOWNLOAD_LINKS.json,true,release_configuration_and_provenance,new_interface_configuration_or_documentation; scientific sources mapped separately,author_requested_local_preparation
canonical_source/LOCAL_IMPLEMENTATION/provenance/RELEASE_FILES_SHA256.csv,,provenance/RELEASE_FILES_SHA256.csv,true,release_configuration_and_provenance,new_interface_configuration_or_documentation; scientific sources mapped separately,author_requested_local_preparation
canonical_source/project/submission_final_20261005/S11_TABLE_FILE_INDEX.csv,cd6022e781b7f628197fbda032db017d5816393a75b1a964ffd710041c6a30ce,provenance/S11_TABLE_FILE_INDEX.csv,false,supplement_source_mapping,local_source_with_separate_lock,author_requested_configuration
canonical_source/project/submission_final_20261005/SOURCE_LICENSE_METADATA.json,2a4eca3416c0aad383f3c131a968a893c20a40b22303d353fd182e6d78ed6920,provenance/SOURCE_LICENSE_METADATA.json,false,input_redistribution_metadata,local_source_with_separate_lock,author_requested_code
canonical_source/LOCAL_IMPLEMENTATION/provenance/SOURCE_MAPPING.csv,,provenance/SOURCE_MAPPING.csv,true,release_configuration_and_provenance,new_interface_configuration_or_documentation; scientific sources mapped separately,author_requested_local_preparation
canonical_source/LOCAL_IMPLEMENTATION/provenance/UPLOAD_CONTENT_AUDIT.json,,provenance/UPLOAD_CONTENT_AUDIT.json,true,release_configuration_and_provenance,new_interface_configuration_or_documentation; scientific sources mapped separately,author_requested_local_preparation
LOCAL_IMPLEMENTATION/provenance/WEIGHT_PACKAGE_VALIDATION.json,,provenance/WEIGHT_PACKAGE_VALIDATION.json,true,release_configuration_and_provenance,new_interface_configuration_or_documentation; scientific sources mapped separately,author_requested_local_preparation
canonical_source/LOCAL_IMPLEMENTATION/pyproject.toml,,pyproject.toml,true,release_configuration_and_provenance,new_interface_configuration_or_documentation; scientific sources mapped separately,author_requested_local_preparation
canonical_source/LOCAL_IMPLEMENTATION/requirements-cpu.txt,,requirements-cpu.txt,true,reproduction_documentation,new_interface_configuration_or_documentation; scientific sources mapped separately,author_requested_local_preparation
canonical_source/LOCAL_IMPLEMENTATION/requirements-gpu.txt,,requirements-gpu.txt,true,reproduction_documentation,new_interface_configuration_or_documentation; scientific sources mapped separately,author_requested_local_preparation
canonical_source/LOCAL_IMPLEMENTATION/scripts/filament.py,,scripts/filament.py,true,portable_study,new_interface_configuration_or_documentation; scientific sources mapped separately,author_requested_local_preparation
canonical_source/LOCAL_IMPLEMENTATION/src/filament_structure/__init__.py,,src/filament_structure/__init__.py,true,portable___init__,new_interface_configuration_or_documentation; scientific sources mapped separately,author_requested_local_preparation
canonical_source/LOCAL_IMPLEMENTATION/src/filament_structure/analysis.py,,src/filament_structure/analysis.py,true,portable_analysis,new_interface_configuration_or_documentation; scientific sources mapped separately,author_requested_local_preparation
canonical_source/LOCAL_IMPLEMENTATION/src/filament_structure/cli.py,,src/filament_structure/cli.py,true,portable_cli,new_interface_configuration_or_documentation; scientific sources mapped separately,author_requested_local_preparation
canonical_source/LOCAL_IMPLEMENTATION/src/filament_structure/data.py,,src/filament_structure/data.py,true,portable_data,new_interface_configuration_or_documentation; scientific sources mapped separately,author_requested_local_preparation
canonical_source/LOCAL_IMPLEMENTATION/src/filament_structure/evaluation.py,,src/filament_structure/evaluation.py,true,portable_evaluation,new_interface_configuration_or_documentation; scientific sources mapped separately,author_requested_local_preparation
canonical_source/LOCAL_IMPLEMENTATION/src/filament_structure/frozen.py,,src/filament_structure/frozen.py,true,portable_frozen,new_interface_configuration_or_documentation; scientific sources mapped separately,author_requested_local_preparation
canonical_source/LOCAL_IMPLEMENTATION/src/filament_structure/inference.py,,src/filament_structure/inference.py,true,portable_inference,new_interface_configuration_or_documentation; scientific sources mapped separately,author_requested_local_preparation
canonical_source/LOCAL_IMPLEMENTATION/src/filament_structure/io.py,,src/filament_structure/io.py,true,portable_io,new_interface_configuration_or_documentation; scientific sources mapped separately,author_requested_local_preparation
canonical_source/LOCAL_IMPLEMENTATION/src/filament_structure/models.py,,src/filament_structure/models.py,true,portable_models,new_interface_configuration_or_documentation; scientific sources mapped separately,author_requested_local_preparation
canonical_source/LOCAL_IMPLEMENTATION/src/filament_structure/plotting.py,,src/filament_structure/plotting.py,true,portable_plotting,new_interface_configuration_or_documentation; scientific sources mapped separately,author_requested_local_preparation
canonical_source/LOCAL_IMPLEMENTATION/src/filament_structure/training.py,,src/filament_structure/training.py,true,portable_training,new_interface_configuration_or_documentation; scientific sources mapped separately,author_requested_local_preparation
canonical_source/LOCAL_IMPLEMENTATION/src/filament_structure/validation.py,,src/filament_structure/validation.py,true,portable_validation,new_interface_configuration_or_documentation; scientific sources mapped separately,author_requested_local_preparation
canonical_source/LOCAL_IMPLEMENTATION/tests/test_scientific_contract.py,,tests/test_scientific_contract.py,true,synthetic_scientific_checks,new_interface_configuration_or_documentation; scientific sources mapped separately,author_requested_local_preparation
canonical_source/LOCAL_IMPLEMENTATION/weights/README.md,,weights/README.md,true,reproduction_documentation,new_interface_configuration_or_documentation; scientific sources mapped separately,author_requested_local_preparation
